33,all,6.08888
33,1,5.47381
33,2,5.60225
33,3,5.47381
33,4,5.71786
33,5,5.47381
132,all,5.63641
132,1,5.47381
132,2,5.50797
132,3,5.47381
132,4,5.47381
132,5,5.47381
330,all,5.48162
330,1,5.47381
330,2,5.47381
330,3,5.47381
330,4,5.47381
330,5,5.48162
549,all,7.06769
549,1,5.75779
549,2,5.90872
549,3,5.67588
549,4,5.91654
549,5,5.6837
582,all,6.51493
582,1,5.6837
582,2,5.60225
582,3,5.48162
582,4,5.48162
582,5,5.47381
609,all,7.13592
609,1,5.47381
609,2,5.47381
609,3,6.36633
609,4,6.4936
609,5,5.60225
903,all,5.5479
903,1,5.5479
903,2,5.47381
903,3,5.47381
903,4,5.47381
903,5,5.47381
1013,all,12.6739
1013,1,6.10584
1013,2,6.58021
1013,3,8.05834
1013,4,6.47265
1013,5,7.35513
1053,all,6.42194
1053,1,5.47381
1053,2,5.60225
1053,3,5.61007
1053,4,5.69152
1053,5,5.47381
1062,all,6.37862
1062,1,5.61007
1062,2,5.47381
1062,3,5.60225
1062,4,5.91654
1062,5,5.47381
1104,all,6.00183
1104,1,5.47381
1104,2,5.52494
1104,3,5.48162
1104,4,5.50797
1104,5,5.48162
1554,all,5.48162
1554,1,5.47381
1554,2,5.47381
1554,3,5.47381
1554,4,5.47381
1554,5,5.48162
1566,all,12.6387
1566,1,6.61429
1566,2,6.45414
1566,3,8.46621
1566,4,7.15602
1566,5,5.6837
1743,all,5.64427
1743,1,5.47381
1743,2,5.47381
1743,3,5.47381
1743,4,5.64427
1743,5,5.47381
1836,all,5.6837
1836,1,5.47381
1836,2,5.47381
1836,3,5.47381
1836,4,5.48162
1836,5,5.60225
1953,all,6.09669
1953,1,5.6837
1953,2,5.47381
1953,3,5.47381
1953,4,5.64423
1953,5,5.47381
1968,all,7.36457
1968,1,5.48162
1968,2,5.60225
1968,3,5.71786
1968,4,5.78943
1968,5,5.75779
1974,all,6.07035
1974,1,5.47381
1974,2,5.47381
1974,3,5.61007
1974,4,5.48162
1974,5,5.61007
2013,all,7.00614
2013,1,5.47381
2013,2,5.47381
2013,3,6.8878
2013,4,5.47381
2013,5,5.47381
2055,all,6.58206
2055,1,5.61007
2055,2,5.47381
2055,3,5.6837
2055,4,5.75779
2055,5,5.50797
2061,all,13.2341
2061,1,8.77655
2061,2,6.55042
2061,3,6.99825
2061,4,7.09069
2061,5,6.59332
2181,all,7.03675
2181,1,6.19268
2181,2,5.71004
2181,3,5.60225
2181,4,5.85416
2181,5,5.51579
2214,all,10.2824
2214,1,7.74605
2214,2,6.81294
2214,3,7.06855
2214,4,6.89503
2214,5,7.05987
2806,all,76.9559
2806,1,24.0349
2806,2,17.666
2806,3,13.4389
2806,4,23.768
2806,5,13.8483
2877,all,6.50711
2877,1,5.60225
2877,2,5.48162
2877,3,5.90872
2877,4,5.48162
2877,5,5.47381
2901,all,5.72568
2901,1,5.47381
2901,2,5.47381
2901,3,5.50797
2901,4,5.48162
2901,5,5.48162
2952,all,7.21063
2952,1,5.64423
2952,2,5.86198
2952,3,5.47381
2952,4,6.09482
2952,5,5.64423
2958,all,5.61007
2958,1,5.48162
2958,2,5.47381
2958,3,5.47381
2958,4,5.47381
2958,5,5.47381
2980,all,15.0827
2980,1,9.46394
2980,2,7.45924
2980,3,10.3295
2980,4,11.6759
2980,5,8.01223
2997,all,6.09669
2997,1,5.47381
2997,2,5.47381
2997,3,5.47381
2997,4,5.48944
2997,5,5.50797
3045,all,7.41413
3045,1,6.10451
3045,2,5.6257
3045,3,5.48162
3045,4,5.78943
3045,5,5.48162
3063,all,6.94436
3063,1,5.69198
3063,2,5.5479
3063,3,5.6257
3063,4,5.5479
3063,5,5.47381
3090,all,6.24381
3090,1,5.69933
3090,2,5.47381
3090,3,5.47381
3090,4,5.47381
3090,5,5.48162
3105,all,6.05472
3105,1,5.47381
3105,2,5.47381
3105,3,5.60225
3105,4,5.48162
3105,5,5.60225
3228,all,6.05472
3228,1,5.47381
3228,2,5.48162
3228,3,5.47381
3228,4,5.47381
3228,5,5.47381
3346,all,13.2453
3346,1,6.48578
3346,2,5.51579
3346,3,8.07592
3346,4,7.19691
3346,5,6.95988
3363,all,8.59379
3363,1,6.06253
3363,2,5.67588
3363,3,6.05472
3363,4,6.66839
3363,5,6.60647
3424,all,61.5003
3424,1,21.1428
3424,2,17.1598
3424,3,16.1401
3424,4,15.6885
3424,5,22.0285
3549,all,6.37081
3549,1,5.47381
3549,2,5.48162
3549,3,6.29224
3549,4,5.47381
3549,5,5.47381
4833,all,8.96231
4833,1,6.29066
4833,2,5.72568
4833,3,5.92436
4833,4,6.26812
4833,5,6.06253
4932,all,8.00981
4932,1,5.48162
4932,2,6.35118
4932,3,6.18486
4932,4,6.53877
4932,5,5.67588
4969,all,13.1358
4969,1,7.37112
4969,2,6.72922
4969,3,8.06876
4969,4,6.57424
4969,5,6.67505
5052,all,6.64867
5052,1,5.48162
5052,2,5.48162
5052,3,5.61007
5052,4,6.33422
5052,5,5.61007
5256,all,5.48162
5256,1,5.47381
5256,2,5.47381
5256,3,5.47381
5256,4,5.48162
5256,5,5.47381
5259,all,5.61007
5259,1,5.47381
5259,2,5.47381
5259,3,5.47381
5259,4,5.48162
5259,5,5.47381
5286,all,6.74929
5286,1,5.47381
5286,2,5.71004
5286,3,5.47381
5286,4,6.0469
5286,5,6.08106
5484,all,5.69152
5484,1,5.47381
5484,2,5.47381
5484,3,5.48162
5484,4,5.48162
5484,5,5.47381
5487,all,5.67635
5487,1,5.47381
5487,2,5.47381
5487,3,5.47381
5487,4,5.5479
5487,5,5.47381
5493,all,5.48162
5493,1,5.47381
5493,2,5.47381
5493,3,5.47381
5493,4,5.48162
5493,5,5.47381
5580,all,6.56614
5580,1,5.48944
5580,2,5.47381
5580,3,5.6837
5580,4,5.67588
5580,5,5.55572
5586,all,5.65205
5586,1,5.47381
5586,2,5.48162
5586,3,5.48162
5586,4,5.47381
5586,5,5.50797
5646,all,5.64427
5646,1,5.47381
5646,2,5.47381
5646,3,5.50797
5646,4,5.47381
5646,5,5.50797
5907,all,6.37081
5907,1,5.47381
5907,2,5.60225
5907,3,6.0469
5907,4,5.47381
5907,5,5.48162
5946,all,5.61007
5946,1,5.47381
5946,2,5.47381
5946,3,5.48162
5946,4,5.47381
5946,5,5.47381
5952,all,5.48162
5952,1,5.47381
5952,2,5.47381
5952,3,5.47381
5952,4,5.48162
5952,5,5.47381
5961,all,8.74819
5961,1,6.42194
5961,2,5.74998
5961,3,6.07035
5961,4,7.02654
5961,5,5.93217
5985,all,5.52494
5985,1,5.47381
5985,2,5.47381
5985,3,5.52494
5985,4,5.47381
5985,5,5.47381
6321,all,8.52194
6321,1,6.39715
6321,2,5.67588
6321,3,6.88834
6321,4,6.08106
6321,5,5.47381
6501,all,5.61007
6501,1,5.47381
6501,2,5.47381
6501,3,5.47381
6501,4,5.48162
6501,5,5.47381
6528,all,6.76271
6528,1,5.47381
6528,2,5.47381
6528,3,5.61007
6528,4,5.73483
6528,5,6.30744
6705,all,6.41279
6705,1,5.47381
6705,2,5.47381
6705,3,5.61007
6705,4,5.71786
6705,5,5.47381
6948,all,5.52494
6948,1,5.47381
6948,2,5.47381
6948,3,5.47381
6948,4,5.48162
6948,5,5.48162
7011,all,12.6473
7011,1,8.56215
7011,2,7.03134
7011,3,8.98281
7011,4,9.61235
7011,5,6.63889
7239,all,8.06714
7239,1,5.47381
7239,2,5.47381
7239,3,5.61007
7239,4,7.89846
7239,5,5.48162
7350,all,5.92436
7350,1,5.47381
7350,2,5.47381
7350,3,5.47381
7350,4,5.47381
7350,5,5.48944
7446,all,6.20831
7446,1,5.47381
7446,2,5.61007
7446,3,5.69933
7446,4,5.47381
7446,5,5.47381
8052,all,6.99558
8052,1,5.55572
8052,2,5.6837
8052,3,5.71004
8052,4,6.06253
8052,5,5.50797
8148,all,7.80465
8148,1,6.36299
8148,2,6.37862
8148,3,5.6837
8148,4,6.46196
8148,5,5.48162
8157,all,6.13475
8157,1,5.48162
8157,2,5.47381
8157,3,5.47381
8157,4,5.69198
8157,5,5.47381
8175,all,7.11076
8175,1,5.60225
8175,2,5.61007
8175,3,5.48162
8175,4,6.42318
8175,5,5.91654
8178,all,8.20013
8178,1,6.05472
8178,2,6.14482
8178,3,6.24902
8178,4,5.60225
8178,5,6.06253
8235,all,5.71786
8235,1,5.47381
8235,2,5.47381
8235,3,5.47381
8235,4,5.51579
8235,5,5.47381
8274,all,7.19701
8274,1,5.60225
8274,2,5.67588
8274,3,5.69933
8274,4,5.6837
8274,5,6.47796
8322,all,5.61007
8322,1,5.47381
8322,2,5.47381
8322,3,5.47381
8322,4,5.48162
8322,5,5.47381
8460,all,6.30787
8460,1,5.60225
8460,2,5.47381
8460,3,5.47381
8460,4,5.6837
8460,5,5.48162
8472,all,5.9507
8472,1,5.71004
8472,2,5.47381
8472,3,5.47381
8472,4,5.48162
8472,5,5.47381
8523,all,5.6837
8523,1,5.47381
8523,2,5.47381
8523,3,5.48162
8523,4,5.47381
8523,5,5.47381
8532,all,7.96325
8532,1,6.2005
8532,2,6.13663
8532,3,5.6837
8532,4,5.67588
8532,5,6.41279
8712,all,6.6043
8712,1,5.48944
8712,2,5.47381
8712,3,5.71004
8712,4,5.48162
8712,5,5.48162
8718,all,6.37862
8718,1,5.47381
8718,2,5.47381
8718,3,5.47381
8718,4,5.69152
8718,5,5.60225
8862,all,8.38301
8862,1,5.71004
8862,2,5.6837
8862,3,6.12099
8862,4,6.5801
8862,5,6.12881
8871,all,5.5479
8871,1,5.47381
8871,2,5.47381
8871,3,5.47381
8871,4,5.47381
8871,5,5.5479
8886,all,5.48162
8886,1,5.47381
8886,2,5.47381
8886,3,5.47381
8886,4,5.48162
8886,5,5.47381
8928,all,6.42194
8928,1,5.48162
8928,2,5.48162
8928,3,5.47381
8928,4,5.47381
8928,5,5.6837
9036,all,6.51962
9036,1,5.47381
9036,2,5.60225
9036,3,5.47381
9036,4,6.435
9036,5,5.48162
9114,all,6.67385
9114,1,5.47381
9114,2,5.47381
9114,3,5.47381
9114,4,6.51965
9114,5,5.47381
9420,all,5.48162
9420,1,5.47381
9420,2,5.47381
9420,3,5.47381
9420,4,5.48162
9420,5,5.47381
9543,all,14.952
9543,1,8.28962
9543,2,7.05814
9543,3,9.65052
9543,4,8.22499
9543,5,8.87497
9576,all,5.48162
9576,1,5.47381
9576,2,5.47381
9576,3,5.47381
9576,4,5.48162
9576,5,5.47381
9597,all,7.63848
9597,1,5.6837
9597,2,5.6837
9597,3,6.41279
9597,4,5.90872
9597,5,5.64423
9615,all,5.81265
9615,1,5.47381
9615,2,5.5479
9615,3,5.5479
9615,4,5.47381
9615,5,5.47381
9636,all,8.78893
9636,1,5.61789
9636,2,5.5479
9636,3,5.68416
9636,4,6.87792
9636,5,6.34203
9651,all,5.65338
9651,1,5.47381
9651,2,5.47381
9651,3,5.47381
9651,4,5.47381
9651,5,5.52494
9699,all,7.17593
9699,1,6.09803
9699,2,5.47381
9699,3,5.47381
9699,4,6.08106
9699,5,6.36299
9750,all,6.44281
9750,1,5.47381
9750,2,5.90872
9750,3,5.61007
9750,4,5.48162
9750,5,5.60225
9762,all,6.42147
9762,1,5.48162
9762,2,5.47381
9762,3,5.48162
9762,4,5.78053
9762,5,5.48162
9771,all,6.75295
9771,1,5.6837
9771,2,5.48944
9771,3,6.08888
9771,4,5.48162
9771,5,5.60225
9801,all,8.61339
9801,1,5.61007
9801,2,5.67588
9801,3,6.93021
9801,4,5.69152
9801,5,5.68416
9846,all,7.97243
9846,1,5.75779
9846,2,5.60225
9846,3,6.20665
9846,4,6.30227
9846,5,5.61007
10044,all,13.9187
10044,1,7.11972
10044,2,8.63247
10044,3,7.28105
10044,4,10.2292
10044,5,8.23641
10113,all,9.22533
10113,1,6.09482
10113,2,6.8264
10113,3,6.74851
10113,4,5.52494
10113,5,5.47381
10491,all,6.52314
10491,1,5.47381
10491,2,5.47381
10491,3,5.82
10491,4,5.47381
10491,5,5.47381
10680,all,5.61007
10680,1,5.47381
10680,2,5.47381
10680,3,5.47381
10680,4,5.61007
10680,5,5.47381
10827,all,5.50797
10827,1,5.47381
10827,2,5.50797
10827,3,5.47381
10827,4,5.47381
10827,5,5.47381
10902,all,7.65598
10902,1,6.12881
10902,2,5.6837
10902,3,6.27679
10902,4,5.61007
10902,5,5.91654
10908,all,5.69933
10908,1,5.48162
10908,2,5.47381
10908,3,5.48162
10908,4,5.48162
10908,5,5.47381
10980,all,5.48944
10980,1,5.47381
10980,2,5.47381
10980,3,5.47381
10980,4,5.48162
10980,5,5.48162
10989,all,6.57293
10989,1,5.47381
10989,2,5.47381
10989,3,6.57293
10989,4,5.47381
10989,5,5.60225
11244,all,9.56301
11244,1,5.60225
11244,2,6.435
11244,3,6.37081
11244,4,6.36299
11244,5,7.80648
11277,all,6.37081
11277,1,5.47381
11277,2,5.47381
11277,3,5.67588
11277,4,5.48162
11277,5,5.60225
11472,all,8.12169
11472,1,6.37081
11472,2,5.61007
11472,3,6.37862
11472,4,6.45063
11472,5,6.45414
11511,all,7.53112
11511,1,6.0469
11511,2,5.60225
11511,3,6.37862
11511,4,6.17705
11511,5,6.21121
11520,all,6.12881
11520,1,5.47381
11520,2,5.47381
11520,3,5.47381
11520,4,5.47381
11520,5,6.12881
11892,all,5.6837
11892,1,5.47381
11892,2,5.47381
11892,3,5.61007
11892,4,5.47381
11892,5,5.47381
11943,all,7.2598
11943,1,6.33719
11943,2,6.05472
11943,3,5.67588
11943,4,5.6837
11943,5,5.61007
11991,all,22.3371
11991,1,9.57163
11991,2,11.247
11991,3,14.7605
11991,4,12.8982
11991,5,10.1271
12024,all,7.22554
12024,1,5.5479
12024,2,5.48944
12024,3,5.6837
12024,4,6.38644
12024,5,5.67588
12372,all,7.32454
12372,1,5.74998
12372,2,5.47381
12372,3,5.92436
12372,4,6.06253
12372,5,6.23299
12501,all,6.12881
12501,1,5.5479
12501,2,5.47381
12501,3,5.47381
12501,4,5.61007
12501,5,5.48162
12648,all,5.71004
12648,1,5.47381
12648,2,5.50797
12648,3,5.47381
12648,4,5.47381
12648,5,5.47381
12879,all,6.58803
12879,1,5.50797
12879,2,5.47381
12879,3,5.72568
12879,4,5.48162
12879,5,5.60225
12885,all,136.106
12885,1,26.2563
12885,2,21.8813
12885,3,33.368
12885,4,37.0982
12885,5,25.8473
12918,all,5.70017
12918,1,5.47381
12918,2,5.5479
12918,3,5.48162
12918,4,5.47381
12918,5,5.50797
12969,all,7.48087
12969,1,5.6842
12969,2,5.47381
12969,3,6.35116
12969,4,6.37081
12969,5,5.60225
12972,all,5.75779
12972,1,5.47381
12972,2,5.5479
12972,3,5.47381
12972,4,5.47381
12972,5,5.48162
13299,all,12.7609
13299,1,6.78489
13299,2,7.0291
13299,3,10.2373
13299,4,7.6717
13299,5,6.09803
13884,all,13.6446
13884,1,6.97473
13884,2,6.44632
13884,3,8.0643
13884,4,11.5871
13884,5,6.60535
13908,all,5.6837
13908,1,5.47381
13908,2,5.47381
13908,3,5.47381
13908,4,5.6837
13908,5,5.47381
14064,all,6.05472
14064,1,5.47381
14064,2,5.47381
14064,3,5.60225
14064,4,5.61007
14064,5,5.47381
14106,all,6.94278
14106,1,5.47381
14106,2,5.48162
14106,3,6.59514
14106,4,5.90872
14106,5,5.47381
14166,all,6.13663
14166,1,5.47381
14166,2,5.47381
14166,3,5.47381
14166,4,5.99063
14166,5,5.48162
14244,all,6.40497
14244,1,5.47381
14244,2,5.47381
14244,3,5.47381
14244,4,6.08888
14244,5,5.47381
14337,all,7.4532
14337,1,6.5118
14337,2,5.67588
14337,3,6.0469
14337,4,6.05472
14337,5,5.47381
14364,all,6.83766
14364,1,5.61007
14364,2,5.5479
14364,3,5.67588
14364,4,6.38644
14364,5,5.6257
14385,all,6.89505
14385,1,5.47381
14385,2,5.67588
14385,3,5.75779
14385,4,5.61007
14385,5,6.45414
14394,all,7.09022
14394,1,5.6837
14394,2,6.36299
14394,3,5.67588
14394,4,5.67588
14394,5,6.05472
14754,all,13.5816
14754,1,8.32046
14754,2,7.18467
14754,3,7.47773
14754,4,7.64772
14754,5,8.75538
14775,all,5.69152
14775,1,5.48162
14775,2,5.47381
14775,3,5.47381
14775,4,5.61007
14775,5,5.47381
14997,all,5.92436
14997,1,5.47381
14997,2,5.61007
14997,3,5.47381
14997,4,5.48162
14997,5,5.47381
15450,all,5.82
15450,1,5.47381
15450,2,5.47381
15450,3,5.74637
15450,4,5.47381
15450,5,5.47381
15750,all,6.63285
15750,1,5.47381
15750,2,6.12881
15750,3,5.47381
15750,4,5.61007
15750,5,5.67588
15807,all,9.70907
15807,1,6.56293
15807,2,6.09803
15807,3,7.01732
15807,4,7.76683
15807,5,6.74301
15837,all,6.16045
15837,1,5.48162
15837,2,5.47381
15837,3,5.60225
15837,4,5.70799
15837,5,5.47381
15888,all,6.37081
15888,1,5.60225
15888,2,5.47381
15888,3,5.47381
15888,4,5.60225
15888,5,5.91654
16101,all,5.91654
16101,1,5.47381
16101,2,5.47381
16101,3,5.47381
16101,4,5.47381
16101,5,5.61007
16350,all,6.5713
16350,1,5.47381
16350,2,5.47381
16350,3,5.48162
16350,4,6.37081
16350,5,5.47381
16533,all,5.5479
16533,1,5.47381
16533,2,5.47381
16533,3,5.47381
16533,4,5.5479
16533,5,5.47381
16645,all,8.64957
16645,1,5.48162
16645,2,5.48944
16645,3,5.6837
16645,4,6.5209
16645,5,6.88647
16859,all,20.4171
16859,1,7.60558
16859,2,6.14444
16859,3,9.0462
16859,4,9.51141
16859,5,13.2867
16872,all,5.51579
16872,1,5.48162
16872,2,5.47381
16872,3,5.47381
16872,4,5.47381
16872,5,5.50797
17097,all,5.48162
17097,1,5.47381
17097,2,5.48162
17097,3,5.47381
17097,4,5.47381
17097,5,5.47381
17313,all,9.3588
17313,1,6.10451
17313,2,5.72568
17313,3,6.92293
17313,4,5.75779
17313,5,5.76561
17328,all,8.70906
17328,1,5.60225
17328,2,5.47381
17328,3,6.05472
17328,4,8.05115
17328,5,5.61789
17372,all,16.4911
17372,1,9.32338
17372,2,10.07
17372,3,10.8901
17372,4,11.0012
17372,5,10.8301
17373,all,6.4936
17373,1,5.61007
17373,2,5.63641
17373,3,5.68416
17373,4,5.47381
17373,5,5.61007
17449,all,16.5406
17449,1,6.47831
17449,2,6.55515
17449,3,13.5905
17449,4,8.89458
17449,5,7.26821
17700,all,6.08106
17700,1,5.47381
17700,2,5.60225
17700,3,5.47381
17700,4,5.50797
17700,5,5.47381
17720,all,14.2458
17720,1,8.43882
17720,2,8.46197
17720,3,6.95265
17720,4,7.39495
17720,5,7.20926
17829,all,5.5479
17829,1,5.5479
17829,2,5.47381
17829,3,5.47381
17829,4,5.47381
17829,5,5.47381
18527,all,11.6071
18527,1,6.435
18527,2,6.37862
18527,3,9.30104
18527,4,6.40207
18527,5,6.56988
19200,all,5.5479
19200,1,5.47381
19200,2,5.47381
19200,3,5.47381
19200,4,5.5479
19200,5,5.47381
19329,all,7.71202
19329,1,6.05472
19329,2,6.36299
19329,3,5.47381
19329,4,5.90872
19329,5,6.64481
19417,all,17.7259
19417,1,8.04485
19417,2,6.7409
19417,3,8.49153
19417,4,8.28905
19417,5,13.1365
19713,all,6.21902
19713,1,5.64423
19713,2,5.47381
19713,3,5.47381
19713,4,5.47381
19713,5,5.47381
19800,all,6.09669
19800,1,5.47381
19800,2,5.48162
19800,3,5.47381
19800,4,5.48162
19800,5,5.63641
19929,all,8.13974
19929,1,5.47381
19929,2,5.47381
19929,3,5.47381
19929,4,8.13974
19929,5,5.47381
20121,all,12.5364
20121,1,6.90285
20121,2,7.63645
20121,3,9.15376
20121,4,9.73271
20121,5,7.52331
20256,all,8.04769
20256,1,5.63352
20256,2,5.67588
20256,3,6.46977
20256,4,6.05472
20256,5,6.30787
20273,all,33.101
20273,1,11.9553
20273,2,9.82734
20273,3,15.1842
20273,4,15.9238
20273,5,15.1792
20301,all,6.57433
20301,1,5.47381
20301,2,5.47381
20301,3,5.47381
20301,4,5.6837
20301,5,5.78162
20340,all,6.81002
20340,1,5.69152
20340,2,5.47381
20340,3,5.48944
20340,4,5.5479
20340,5,5.74998
21605,all,147.877
21605,1,15.3501
21605,2,17.0325
21605,3,20.2303
21605,4,91.1397
21605,5,25.8803
21933,all,6.62792
21933,1,5.61789
21933,2,5.91654
21933,3,5.67588
21933,4,5.69152
21933,5,5.48162
22329,all,5.68416
22329,1,5.47381
22329,2,5.47381
22329,3,5.48162
22329,4,5.5479
22329,5,5.47381
23421,all,6.52274
23421,1,6.22326
23421,2,5.47381
23421,3,5.48162
23421,4,5.47381
23421,5,5.67588
23568,all,6.37862
23568,1,5.47381
23568,2,5.47381
23568,3,5.47381
23568,4,5.69152
23568,5,5.47381
23601,all,7.12926
23601,1,5.92436
23601,2,5.63641
23601,3,6.28412
23601,4,5.65205
23601,5,5.61007
23697,all,6.13182
23697,1,5.48162
23697,2,5.61789
23697,3,5.47381
23697,4,5.47381
23697,5,5.64423
23928,all,6.37862
23928,1,5.47381
23928,2,5.47381
23928,3,5.6837
23928,4,5.6837
23928,5,5.47381
24335,all,91.3244
24335,1,16.2146
24335,2,12.7008
24335,3,18.0045
24335,4,50.6053
24335,5,21.8068
24348,all,6.05472
24348,1,5.60225
24348,2,5.47381
24348,3,5.47381
24348,4,5.47381
24348,5,5.48162
24777,all,11.209
24777,1,6.5846
24777,2,6.37081
24777,3,7.90659
24777,4,7.09974
24777,5,8.98153
24876,all,6.75861
24876,1,5.47381
24876,2,5.47381
24876,3,5.48944
24876,4,6.21613
24876,5,5.67588
25233,all,9.35161
25233,1,6.07035
25233,2,6.05472
25233,3,6.45063
25233,4,7.04125
25233,5,5.92436
25788,all,5.67635
25788,1,5.47381
25788,2,5.47381
25788,3,5.47381
25788,4,5.5479
25788,5,5.47381
25872,all,6.37081
25872,1,5.47381
25872,2,5.47381
25872,3,5.47381
25872,4,5.6837
25872,5,5.47381
26253,all,5.61789
26253,1,5.47381
26253,2,5.47381
26253,3,5.48162
26253,4,5.48162
26253,5,5.47381
26328,all,5.48162
26328,1,5.47381
26328,2,5.48162
26328,3,5.47381
26328,4,5.47381
26328,5,5.47381
26520,all,7.31283
26520,1,6.55051
26520,2,6.21902
26520,3,5.47381
26520,4,5.47381
26520,5,5.61007
26652,all,6.61722
26652,1,5.47381
26652,2,5.47381
26652,3,5.47381
26652,4,5.67635
26652,5,6.50398
26673,all,6.05472
26673,1,5.47381
26673,2,5.47381
26673,3,5.47381
26673,4,5.47381
26673,5,5.6837
26678,all,24.02
26678,1,11.4634
26678,2,10.7317
26678,3,11.2804
26678,4,10.5191
26678,5,12.9056
26711,all,16.0305
26711,1,8.31297
26711,2,9.335
26711,3,7.96929
26711,4,9.31193
26711,5,6.72211
26733,all,6.30405
26733,1,5.5479
26733,2,5.47381
26733,3,5.47381
26733,4,5.69198
26733,5,5.61007
26745,all,11.0304
26745,1,6.63485
26745,2,6.46196
26745,3,6.58368
26745,4,7.05987
26745,5,6.47796
26765,all,13.0185
26765,1,7.77262
26765,2,6.05472
26765,3,8.31415
26765,4,10.077
26765,5,6.53437
26772,all,9.90774
26772,1,6.56804
26772,2,6.12881
26772,3,7.50163
26772,4,7.48092
26772,5,6.44632
26877,all,6.77788
26877,1,5.61007
26877,2,5.47381
26877,3,5.47381
26877,4,5.70799
26877,5,5.67635
26916,all,6.06253
26916,1,5.47381
26916,2,5.48162
26916,3,5.47381
26916,4,5.61007
26916,5,5.47381
26977,all,14.6424
26977,1,8.01175
26977,2,7.21158
26977,3,8.73611
26977,4,6.6655
26977,5,8.24863
27476,all,10.779
27476,1,6.08106
27476,2,6.57424
27476,3,6.19268
27476,4,7.90266
27476,5,6.38644
27624,all,6.59754
27624,1,5.47381
27624,2,5.47381
27624,3,6.40497
27624,4,5.61007
27624,5,5.47381
27957,all,8.33743
27957,1,6.08888
27957,2,6.124
27957,3,5.9507
27957,4,6.56642
27957,5,6.09669
28055,all,14.286
28055,1,7.79824
28055,2,6.75295
28055,3,8.3928
28055,4,7.18919
28055,5,6.63534
28093,all,8.79159
28093,1,6.28241
28093,2,5.6837
28093,3,5.47381
28093,4,6.70043
28093,5,6.1021
28128,all,6.52274
28128,1,5.47381
28128,2,5.47381
28128,3,5.61007
28128,4,5.74637
28128,5,5.69152
28152,all,5.61007
28152,1,5.47381
28152,2,5.48162
28152,3,5.47381
28152,4,5.47381
28152,5,5.47381
28572,all,7.13198
28572,1,5.47381
28572,2,5.47381
28572,3,5.6837
28572,4,5.92436
28572,5,6.51493
28812,all,11.0145
28812,1,7.01953
28812,2,5.47381
28812,3,7.46932
28812,4,6.44486
28812,5,5.47381
29028,all,6.37862
29028,1,5.47381
29028,2,5.6837
29028,3,5.6837
29028,4,5.47381
29028,5,5.60225
29160,all,5.91654
29160,1,5.47381
29160,2,5.47381
29160,3,5.47381
29160,4,5.47381
29160,5,5.48162
29309,all,90.2907
29309,1,12.0607
29309,2,12.5414
29309,3,18.9201
29309,4,14.0285
29309,5,12.6003
29493,all,6.38644
29493,1,5.47381
29493,2,5.47381
29493,3,5.61007
29493,4,5.69152
29493,5,5.47381
29678,all,11.7889
29678,1,6.3368
29678,2,6.67936
29678,3,6.77878
29678,4,6.75633
29678,5,9.70793
29772,all,7.80296
29772,1,6.10451
29772,2,6.37862
29772,3,5.6837
29772,4,5.69152
29772,5,6.29224
30000,all,5.61007
30000,1,5.47381
30000,2,5.47381
30000,3,5.47381
30000,4,5.48162
30000,5,5.47381
30117,all,8.36675
30117,1,5.69152
30117,2,5.75779
30117,3,6.4206
30117,4,6.12099
30117,5,6.30005
30381,all,6.31224
30381,1,5.47381
30381,2,5.47381
30381,3,5.57173
30381,4,5.67635
30381,5,5.47381
30541,all,11.1833
30541,1,6.37081
30541,2,6.56642
30541,3,6.50083
30541,4,8.03016
30541,5,6.00664
30600,all,10.3501
30600,1,6.42842
30600,2,6.6997
30600,3,6.94202
30600,4,6.64671
30600,5,8.1411
30825,all,5.48162
30825,1,5.47381
30825,2,5.47381
30825,3,5.47381
30825,4,5.48162
30825,5,5.47381
30828,all,7.50163
30828,1,5.90872
30828,2,5.47381
30828,3,6.29224
30828,4,6.21121
30828,5,6.0469
30840,all,6.99262
30840,1,5.78162
30840,2,5.67588
30840,3,5.67588
30840,4,5.71786
30840,5,5.61007
31437,all,5.72701
31437,1,5.47381
31437,2,5.48162
31437,3,5.47381
31437,4,5.47381
31437,5,5.61007
31464,all,5.5479
31464,1,5.47381
31464,2,5.47381
31464,3,5.47381
31464,4,5.47381
31464,5,5.5479
31665,all,8.40501
31665,1,5.82782
31665,2,5.47381
31665,3,5.47381
31665,4,7.21448
31665,5,5.99063
31848,all,5.6257
31848,1,5.47381
31848,2,5.47381
31848,3,5.47381
31848,4,5.48162
31848,5,5.48944
31929,all,5.51579
31929,1,5.47381
31929,2,5.47381
31929,3,5.48162
31929,4,5.47381
31929,5,5.50797
31932,all,5.48162
31932,1,5.47381
31932,2,5.47381
31932,3,5.48162
31932,4,5.47381
31932,5,5.47381
31968,all,6.73132
31968,1,5.69152
31968,2,5.50797
31968,3,6.31569
31968,4,5.47381
31968,5,5.47381
32084,all,18.7477
32084,1,10.9931
32084,2,11.7807
32084,3,10.525
32084,4,10.8792
32084,5,9.72358
32097,all,7.40895
32097,1,5.61007
32097,2,5.6837
32097,3,6.41279
32097,4,5.6837
32097,5,5.71786
32136,all,6.88559
32136,1,5.61793
32136,2,5.50797
32136,3,5.61007
32136,4,6.0469
32136,5,5.71004
32469,all,9.2581
32469,1,6.45414
32469,2,5.60225
32469,3,7.43757
32469,4,6.71356
32469,5,6.29224
32817,all,7.9097
32817,1,5.67588
32817,2,5.60225
32817,3,5.72701
32817,4,6.74851
32817,5,6.48131
33020,all,15.2647
33020,1,6.70607
33020,2,7.80306
33020,3,11.8978
33020,4,7.48367
33020,5,6.65263
33036,all,6.41412
33036,1,5.65338
33036,2,5.47381
33036,3,5.47381
33036,4,5.47381
33036,5,5.67588
33090,all,5.6837
33090,1,5.47381
33090,2,5.47381
33090,3,5.47381
33090,4,5.61007
33090,5,5.47381
33110,all,11.96
33110,1,6.40497
33110,2,6.36299
33110,3,6.61317
33110,4,7.0331
33110,5,7.82512
33114,all,7.90689
33114,1,5.61007
33114,2,5.47381
33114,3,7.32283
33114,4,5.47381
33114,5,5.47381
33129,all,6.8598
33129,1,5.69152
33129,2,5.65205
33129,3,5.47381
33129,4,6.36299
33129,5,5.47381
33131,all,13.536
33131,1,8.80511
33131,2,8.88897
33131,3,9.46394
33131,4,9.65052
33131,5,9.45287
33132,all,6.75216
33132,1,5.67635
33132,2,5.47381
33132,3,6.37753
33132,4,5.65338
33132,5,5.67588
33141,all,5.70715
33141,1,5.47381
33141,2,5.47381
33141,3,5.48944
33141,4,5.48944
33141,5,5.47381
33366,all,5.82
33366,1,5.48162
33366,2,5.47381
33366,3,5.48162
33366,4,5.47381
33366,5,5.47381
33476,all,11.4241
33476,1,5.47381
33476,2,5.61007
33476,3,5.93217
33476,4,7.98138
33476,5,7.19352
33558,all,11.0869
33558,1,6.37862
33558,2,6.54733
33558,3,8.10489
33558,4,6.61317
33558,5,6.71429
33696,all,5.48162
33696,1,5.47381
33696,2,5.47381
33696,3,5.47381
33696,4,5.48162
33696,5,5.47381
34023,all,5.48944
34023,1,5.47381
34023,2,5.47381
34023,3,5.47381
34023,4,5.47381
34023,5,5.48944
34059,all,5.61007
34059,1,5.47381
34059,2,5.47381
34059,3,5.47381
34059,4,5.48162
34059,5,5.47381
34068,all,6.55515
34068,1,5.61007
34068,2,5.47381
34068,3,6.37862
34068,4,5.60225
34068,5,5.67588
34092,all,6.34203
34092,1,5.47381
34092,2,5.48162
34092,3,5.71786
34092,4,5.47381
34092,5,5.47381
34104,all,5.85416
34104,1,5.47381
34104,2,5.47381
34104,3,5.47381
34104,4,5.85416
34104,5,5.47381
34113,all,6.69002
34113,1,5.61007
34113,2,5.47381
34113,3,6.12099
34113,4,5.69152
34113,5,5.61007
34257,all,8.39586
34257,1,6.44632
34257,2,5.60225
34257,3,6.57769
34257,4,6.67507
34257,5,5.47381
34275,all,9.11656
34275,1,6.37862
34275,2,5.6837
34275,3,6.55511
34275,4,6.56293
34275,5,6.05472
34296,all,5.48162
34296,1,5.47381
34296,2,5.47381
34296,3,5.47381
34296,4,5.48162
34296,5,5.47381
34302,all,9.17701
34302,1,5.90872
34302,2,6.42718
34302,3,6.29224
34302,4,6.71356
34302,5,6.39715
34332,all,6.38644
34332,1,5.6837
34332,2,5.61007
34332,3,5.47381
34332,4,5.48162
34332,5,5.47381
34629,all,9.29244
34629,1,6.53633
34629,2,6.35118
34629,3,6.67113
34629,4,6.4561
34629,5,5.47381
34659,all,7.52331
34659,1,5.90872
34659,2,6.37081
34659,3,6.08106
34659,4,6.36299
34659,5,5.67588
34752,all,10.3311
34752,1,6.30005
34752,2,5.47381
34752,3,8.91744
34752,4,6.41279
34752,5,5.48162
34797,all,8.2168
34797,1,5.60225
34797,2,5.60225
34797,3,5.74637
34797,4,6.4561
34797,5,6.48578
34818,all,5.63641
34818,1,5.47381
34818,2,5.50797
34818,3,5.47381
34818,4,5.47381
34818,5,5.47381
34827,all,6.33719
34827,1,5.48162
34827,2,5.47381
34827,3,5.47381
34827,4,5.6837
34827,5,5.48162
34830,all,8.97272
34830,1,6.08106
34830,2,5.60225
34830,3,7.09192
34830,4,6.44281
34830,5,6.37081
34857,all,7.41829
34857,1,5.60225
34857,2,5.47381
34857,3,6.41412
34857,4,5.82782
34857,5,5.61007
34920,all,5.72568
34920,1,5.47381
34920,2,5.48162
34920,3,5.47381
34920,4,5.61007
34920,5,5.50797
34935,all,5.50797
34935,1,5.50797
34935,2,5.47381
34935,3,5.47381
34935,4,5.47381
34935,5,5.47381
34965,all,5.48162
34965,1,5.48162
34965,2,5.47381
34965,3,5.47381
34965,4,5.47381
34965,5,5.47381
35073,all,5.48162
35073,1,5.47381
35073,2,5.47381
35073,3,5.47381
35073,4,5.48162
35073,5,5.47381
35091,all,5.48162
35091,1,5.47381
35091,2,5.48162
35091,3,5.47381
35091,4,5.47381
35091,5,5.47381
35178,all,5.61789
35178,1,5.47381
35178,2,5.47381
35178,3,5.47381
35178,4,5.48944
35178,5,5.47381
35277,all,6.31569
35277,1,5.47381
35277,2,5.47381
35277,3,5.61007
35277,4,5.61007
35277,5,5.48162
35526,all,6.05472
35526,1,5.47381
35526,2,5.47381
35526,3,5.6837
35526,4,5.47381
35526,5,5.47381
35793,all,6.39427
35793,1,5.47381
35793,2,5.47381
35793,3,5.47381
35793,4,6.26412
35793,5,5.47381
36132,all,6.42975
36132,1,5.47381
36132,2,5.47381
36132,3,5.47381
36132,4,5.47381
36132,5,5.97549
36389,all,12.9422
36389,1,7.65702
36389,2,7.45924
36389,3,8.10569
36389,4,10.0672
36389,5,8.18241
36534,all,5.78162
36534,1,5.47381
36534,2,5.47381
36534,3,5.47381
36534,4,5.47381
36534,5,5.70799
36552,all,7.69106
36552,1,6.0469
36552,2,5.61007
36552,3,6.40497
36552,4,6.45414
36552,5,5.6837
36663,all,6.13663
36663,1,5.47381
36663,2,5.47381
36663,3,5.47381
36663,4,5.76561
36663,5,5.47381
36675,all,6.06253
36675,1,5.47381
36675,2,5.47381
36675,3,5.61007
36675,4,5.48162
36675,5,5.47381
36786,all,5.68416
36786,1,5.48162
36786,2,5.47381
36786,3,5.5479
36786,4,5.47381
36786,5,5.47381
36876,all,5.99063
36876,1,5.47381
36876,2,5.47381
36876,3,5.5479
36876,4,5.48162
36876,5,5.47381
37059,all,5.6837
37059,1,5.47381
37059,2,5.48162
37059,3,5.60225
37059,4,5.47381
37059,5,5.47381
37236,all,10.9157
37236,1,6.12881
37236,2,6.08888
37236,3,5.67635
37236,4,8.79223
37236,5,5.48162
37254,all,6.51493
37254,1,5.47381
37254,2,5.47381
37254,3,5.69152
37254,4,6.05472
37254,5,5.48162
37359,all,5.48162
37359,1,5.47381
37359,2,5.47381
37359,3,5.47381
37359,4,5.48162
37359,5,5.47381
37397,all,11.4777
37397,1,7.05157
37397,2,6.39715
37397,3,7.42909
37397,4,6.13663
37397,5,6.51309
37398,all,6.05472
37398,1,5.47381
37398,2,5.47381
37398,3,5.47381
37398,4,5.47381
37398,5,5.48162
37401,all,8.50512
37401,1,6.4936
37401,2,5.71147
37401,3,5.82046
37401,4,6.16515
37401,5,5.85416
37404,all,10.4084
37404,1,5.47381
37404,2,5.5479
37404,3,6.96047
37404,4,7.48941
37404,5,6.38978
37419,all,6.74851
37419,1,5.74998
37419,2,5.50797
37419,3,5.50797
37419,4,5.47381
37419,5,5.67588
37701,all,5.69152
37701,1,5.48162
37701,2,5.48162
37701,3,5.47381
37701,4,5.47381
37701,5,5.47381
38127,all,5.48162
38127,1,5.47381
38127,2,5.47381
38127,3,5.48162
38127,4,5.47381
38127,5,5.47381
38229,all,7.75507
38229,1,5.91654
38229,2,6.08888
38229,3,6.05472
38229,4,5.60225
38229,5,6.52274
38238,all,5.69152
38238,1,5.47381
38238,2,5.47381
38238,3,5.47381
38238,4,5.48162
38238,5,5.48162
38430,all,6.08888
38430,1,5.47381
38430,2,5.48162
38430,3,5.60225
38430,4,5.60225
38430,5,5.50797
38508,all,5.6837
38508,1,5.47381
38508,2,5.47381
38508,3,5.47381
38508,4,5.6837
38508,5,5.47381
38628,all,5.6837
38628,1,5.47381
38628,2,5.47381
38628,3,5.47381
38628,4,5.6837
38628,5,5.47381
38646,all,6.56605
38646,1,5.69152
38646,2,5.48162
38646,3,5.93217
38646,4,5.47381
38646,5,5.47381
38655,all,7.13807
38655,1,5.50797
38655,2,5.5479
38655,3,5.6837
38655,4,6.06253
38655,5,5.95852
38670,all,5.61007
38670,1,5.47381
38670,2,5.48162
38670,3,5.47381
38670,4,5.47381
38670,5,5.47381
38700,all,5.76561
38700,1,5.48944
38700,2,5.47381
38700,3,5.47381
38700,4,5.5479
38700,5,5.47381
38714,all,21.6864
38714,1,10.649
38714,2,9.20046
38714,3,11.7575
38714,4,14.0212
38714,5,9.78284
38727,all,6.46977
38727,1,6.27459
38727,2,5.48162
38727,3,5.47381
38727,4,5.47381
38727,5,5.47381
38751,all,9.36783
38751,1,6.28412
38751,2,5.69152
38751,3,6.38978
38751,4,6.26412
38751,5,6.33955
38769,all,6.27459
38769,1,5.48162
38769,2,5.48162
38769,3,5.47381
38769,4,5.75779
38769,5,5.47381
39141,all,6.61722
39141,1,5.90872
39141,2,5.47381
39141,3,5.47381
39141,4,5.74998
39141,5,6.0469
39162,all,6.9848
39162,1,5.67588
39162,2,5.6837
39162,3,5.71004
39162,4,5.6837
39162,5,5.7738
39165,all,9.7387
39165,1,5.67588
39165,2,6.17705
39165,3,6.65453
39165,4,9.26592
39165,5,6.95765
39198,all,6.12099
39198,1,5.5479
39198,2,5.47381
39198,3,5.47381
39198,4,5.47381
39198,5,5.60225
39221,all,23.5826
39221,1,10.2776
39221,2,11.1328
39221,3,13.2388
39221,4,12.5765
39221,5,12.4485
39282,all,6.08106
39282,1,5.47381
39282,2,5.47381
39282,3,5.47381
39282,4,5.50797
39282,5,5.47381
39306,all,5.6837
39306,1,5.47381
39306,2,5.47381
39306,3,5.47381
39306,4,5.48162
39306,5,5.47381
39723,all,6.51493
39723,1,5.69152
39723,2,5.47381
39723,3,5.47381
39723,4,5.82
39723,5,5.47381
39741,all,5.61007
39741,1,5.47381
39741,2,5.47381
39741,3,5.47381
39741,4,5.61007
39741,5,5.47381
39806,all,85.1211
39806,1,16.1942
39806,2,21.6095
39806,3,16.1985
39806,4,21.1743
39806,5,38.5195
40127,all,25.3251
40127,1,10.843
40127,2,11.2731
40127,3,13.0101
40127,4,13.1145
40127,5,13.4574
40137,all,10.7185
40137,1,6.41279
40137,2,6.41412
40137,3,6.37862
40137,4,7.02915
40137,5,7.1585
40182,all,5.72568
40182,1,5.47381
40182,2,5.50797
40182,3,5.48162
40182,4,5.48162
40182,5,5.47381
40245,all,5.69152
40245,1,5.48162
40245,2,5.47381
40245,3,5.47381
40245,4,5.48162
40245,5,5.47381
40374,all,5.67635
40374,1,5.47381
40374,2,5.47381
40374,3,5.47381
40374,4,5.5479
40374,5,5.47381
40413,all,5.67635
40413,1,5.47381
40413,2,5.47381
40413,3,5.47381
40413,4,5.5479
40413,5,5.47381
40449,all,6.64671
40449,1,5.6837
40449,2,5.47381
40449,3,5.99063
40449,4,6.0469
40449,5,5.60225
40452,all,5.48162
40452,1,5.47381
40452,2,5.47381
40452,3,5.47381
40452,4,5.48162
40452,5,5.47381
40467,all,12.0514
40467,1,5.78162
40467,2,6.12881
40467,3,6.16045
40467,4,8.32068
40467,5,7.43242
40479,all,8.12597
40479,1,6.16827
40479,2,6.41709
40479,3,5.69933
40479,4,5.63641
40479,5,5.6837
40536,all,6.47738
40536,1,5.67588
40536,2,5.47381
40536,3,5.67588
40536,4,5.50797
40536,5,5.90872
40593,all,9.36356
40593,1,7.06073
40593,2,6.42718
40593,3,9.34477
40593,4,6.69188
40593,5,6.50398
40622,all,14.9064
40622,1,8.51536
40622,2,6.79325
40622,3,7.69078
40622,4,10.9377
40622,5,7.29507
40629,all,5.6837
40629,1,5.47381
40629,2,5.47381
40629,3,5.47381
40629,4,5.48162
40629,5,5.47381
40652,all,12.7956
40652,1,8.95286
40652,2,7.66863
40652,3,6.54129
40652,4,9.64568
40652,5,7.30369
40707,all,5.75779
40707,1,5.47381
40707,2,5.47381
40707,3,5.47381
40707,4,5.75779
40707,5,5.47381
40722,all,12.4405
40722,1,6.54129
40722,2,6.82679
40722,3,7.95762
40722,4,9.3157
40722,5,7.46277
40731,all,6.19268
40731,1,5.47381
40731,2,5.47381
40731,3,5.47381
40731,4,5.6837
40731,5,5.61007
40812,all,6.51493
40812,1,5.47381
40812,2,5.67588
40812,3,5.47381
40812,4,5.75419
40812,5,5.6837
40842,all,6.21902
40842,1,5.48162
40842,2,5.47381
40842,3,6.0469
40842,4,5.47381
40842,5,5.50797
40866,all,10.4197
40866,1,6.2906
40866,2,6.37081
40866,3,6.25896
40866,4,6.00627
40866,5,6.96003
40899,all,6.26677
40899,1,5.47381
40899,2,5.47381
40899,3,5.48162
40899,4,5.47381
40899,5,5.68416
41067,all,12.6223
41067,1,6.48578
41067,2,6.39016
41067,3,9.00239
41067,4,6.79988
41067,5,5.6837
41136,all,5.68416
41136,1,5.47381
41136,2,5.47381
41136,3,5.5479
41136,4,5.48162
41136,5,5.47381
41322,all,5.74998
41322,1,5.47381
41322,2,5.47381
41322,3,5.47381
41322,4,5.5479
41322,5,5.47381
41814,all,6.44632
41814,1,5.47381
41814,2,5.47381
41814,3,5.6837
41814,4,5.47381
41814,5,5.74998
42254,all,16.958
42254,1,7.42107
42254,2,6.0469
42254,3,14.3929
42254,4,7.81689
42254,5,6.6569
42345,all,5.72568
42345,1,5.47381
42345,2,5.47381
42345,3,5.47381
42345,4,5.48944
42345,5,5.50797
42357,all,7.04939
42357,1,6.18486
42357,2,5.67588
42357,3,5.60225
42357,4,6.0469
42357,5,5.71786
42381,all,6.24996
42381,1,5.47381
42381,2,5.48162
42381,3,5.69933
42381,4,5.52494
42381,5,5.47381
42425,all,10.1019
42425,1,6.65397
42425,2,6.16045
42425,3,6.22266
42425,4,6.96036
42425,5,6.12881
42504,all,5.61007
42504,1,5.47381
42504,2,5.48162
42504,3,5.47381
42504,4,5.47381
42504,5,5.47381
42645,all,6.46196
42645,1,5.61007
42645,2,5.55572
42645,3,5.6837
42645,4,5.47381
42645,5,5.47381
42654,all,8.2258
42654,1,5.63641
42654,2,5.67588
42654,3,5.67588
42654,4,6.41412
42654,5,6.46612
42786,all,5.9101
42786,1,5.47381
42786,2,5.6842
42786,3,5.47381
42786,4,5.47381
42786,5,5.51579
42813,all,5.6837
42813,1,5.47381
42813,2,5.47381
42813,3,5.47381
42813,4,5.48162
42813,5,5.47381
42852,all,5.64427
42852,1,5.47381
42852,2,5.47381
42852,3,5.47381
42852,4,5.64427
42852,5,5.47381
42876,all,6.13663
42876,1,5.48162
42876,2,5.47381
42876,3,5.55572
42876,4,5.47381
42876,5,5.47381
42951,all,8.36064
42951,1,6.36299
42951,2,6.17705
42951,3,6.69188
42951,4,6.37081
42951,5,6.36299
43326,all,6.65769
43326,1,5.67588
43326,2,5.67588
43326,3,5.61007
43326,4,5.98282
43326,5,5.47381
43335,all,5.92436
43335,1,5.47381
43335,2,5.61007
43335,3,5.47381
43335,4,5.48162
43335,5,5.47381
43719,all,5.6837
43719,1,5.47381
43719,2,5.48162
43719,3,5.47381
43719,4,5.47381
43719,5,5.47381
43889,all,23.5696
43889,1,14.2355
43889,2,9.55706
43889,3,17.9578
43889,4,9.28193
43889,5,9.27411
43932,all,8.7007
43932,1,6.46977
43932,2,6.21902
43932,3,6.09669
43932,4,5.61007
43932,5,5.75779
43956,all,8.08048
43956,1,6.05472
43956,2,5.47381
43956,3,6.13663
43956,4,6.73132
43956,5,6.25896
43986,all,5.48162
43986,1,5.47381
43986,2,5.47381
43986,3,5.47381
43986,4,5.48162
43986,5,5.47381
43992,all,6.97126
43992,1,5.71786
43992,2,5.48944
43992,3,6.09669
43992,4,5.60225
43992,5,5.74637
44034,all,6.37081
44034,1,5.47381
44034,2,5.47381
44034,3,5.60225
44034,4,5.61007
44034,5,5.60225
44088,all,7.99473
44088,1,6.06253
44088,2,5.90872
44088,3,6.5118
44088,4,6.37862
44088,5,6.18486
44325,all,8.82364
44325,1,5.69933
44325,2,6.24848
44325,3,7.06689
44325,4,6.08106
44325,5,5.47381
44565,all,7.05297
44565,1,5.74998
44565,2,5.82782
44565,3,5.47381
44565,4,5.6842
44565,5,5.71786
44751,all,6.40497
44751,1,5.47381
44751,2,5.63641
44751,3,5.48162
44751,4,5.47381
44751,5,5.47381
44949,all,6.27633
44949,1,5.47381
44949,2,5.47381
44949,3,5.75419
44949,4,5.47381
44949,5,5.64423
45252,all,5.6837
45252,1,5.47381
45252,2,5.47381
45252,3,5.47381
45252,4,5.47381
45252,5,5.48162
45378,all,22.1427
45378,1,10.1282
45378,2,6.94054
45378,3,14.3105
45378,4,10.6808
45378,5,6.91783
45804,all,5.48162
45804,1,5.47381
45804,2,5.47381
45804,3,5.47381
45804,4,5.47381
45804,5,5.48162
45852,all,5.65205
45852,1,5.47381
45852,2,5.47381
45852,3,5.50797
45852,4,5.48162
45852,5,5.48162
46059,all,7.29515
46059,1,5.55572
46059,2,5.47381
46059,3,5.50797
46059,4,6.71356
46059,5,5.47381
46728,all,6.42194
46728,1,5.47381
46728,2,5.67588
46728,3,5.48162
46728,4,5.47381
46728,5,5.61789
46743,all,6.89998
46743,1,5.60225
46743,2,5.6837
46743,3,5.75779
46743,4,5.5479
46743,5,6.05472
46751,all,11.711
46751,1,6.2906
46751,2,5.72701
46751,3,6.58021
46751,4,7.64467
46751,5,6.93654
46800,all,5.6837
46800,1,5.47381
46800,2,5.48162
46800,3,5.47381
46800,4,5.47381
46800,5,5.47381
46809,all,7.49474
46809,1,5.67588
46809,2,5.60225
46809,3,5.98282
46809,4,5.7738
46809,5,6.37862
46826,all,11.9038
46826,1,8.30364
46826,2,6.66215
46826,3,6.46196
46826,4,6.98197
46826,5,5.6837
46842,all,7.86403
46842,1,5.71004
46842,2,5.92436
46842,3,5.60225
46842,4,6.45414
46842,5,6.05472
46941,all,6.06253
46941,1,5.47381
46941,2,5.47381
46941,3,5.48162
46941,4,5.61007
46941,5,5.47381
46950,all,7.59063
46950,1,5.81265
46950,2,5.6837
46950,3,5.6837
46950,4,6.19268
46950,5,6.05472
47031,all,6.86666
47031,1,5.67588
47031,2,5.60225
47031,3,6.0469
47031,4,5.7738
47031,5,5.91654
47100,all,5.92436
47100,1,5.47381
47100,2,5.47381
47100,3,5.48162
47100,4,5.48162
47100,5,5.47381
47109,all,5.68416
47109,1,5.5479
47109,2,5.47381
47109,3,5.48162
47109,4,5.47381
47109,5,5.47381
47127,all,7.14021
47127,1,5.47381
47127,2,5.47381
47127,3,6.46196
47127,4,5.47381
47127,5,6.08106
47171,all,12.8307
47171,1,6.46196
47171,2,6.75595
47171,3,10.6482
47171,4,6.45414
47171,5,6.06253
47240,all,50.2571
47240,1,13.212
47240,2,14.0156
47240,3,12.5298
47240,4,19.0606
47240,5,16.3887
47262,all,7.67992
47262,1,6.46196
47262,2,5.6837
47262,3,5.47381
47262,4,6.6737
47262,5,5.47381
47298,all,5.72701
47298,1,5.47381
47298,2,5.47381
47298,3,5.65338
47298,4,5.47381
47298,5,5.47381
47337,all,6.44632
47337,1,5.47381
47337,2,5.5479
47337,3,5.47381
47337,4,5.60225
47337,5,5.67588
47526,all,6.31569
47526,1,5.47381
47526,2,5.47381
47526,3,5.47381
47526,4,5.92436
47526,5,5.48162
47556,all,5.6837
47556,1,5.47381
47556,2,5.47381
47556,3,5.47381
47556,4,5.48162
47556,5,5.47381
47847,all,7.0139
47847,1,5.47381
47847,2,5.47381
47847,3,5.50797
47847,4,6.5118
47847,5,6.05472
47982,all,6.56297
47982,1,5.48162
47982,2,6.18486
47982,3,5.61007
47982,4,5.67588
47982,5,5.6837
48260,all,11.4104
48260,1,6.57731
48260,2,6.41279
48260,3,7.29515
48260,4,7.05728
48260,5,6.54911
48384,all,6.40076
48384,1,5.5479
48384,2,5.48162
48384,3,5.47381
48384,4,5.61007
48384,5,5.60225
48429,all,6.95588
48429,1,5.60225
48429,2,5.67588
48429,3,5.60225
48429,4,5.67588
48429,5,6.37081
48543,all,6.3264
48543,1,5.47381
48543,2,5.47381
48543,3,5.71004
48543,4,5.60225
48543,5,5.47381
48618,all,6.12881
48618,1,5.47381
48618,2,5.48162
48618,3,5.47381
48618,4,5.5479
48618,5,5.47381
48831,all,5.63641
48831,1,5.47381
48831,2,5.47381
48831,3,5.47381
48831,4,5.47381
48831,5,5.50797
48872,all,37.9843
48872,1,13.3599
48872,2,8.44879
48872,3,25.1145
48872,4,12.5269
48872,5,7.48088
48942,all,6.95265
48942,1,5.82
48942,2,6.06253
48942,3,5.6837
48942,4,6.12881
48942,5,5.47381
48945,all,6.84094
48945,1,5.49726
48945,2,5.47381
48945,3,5.5479
48945,4,5.6837
48945,5,5.57954
49071,all,5.91654
49071,1,5.47381
49071,2,5.47381
49071,3,5.48162
49071,4,5.47381
49071,5,5.47381
49116,all,6.24381
49116,1,5.47381
49116,2,5.47381
49116,3,5.61789
49116,4,5.61789
49116,5,5.48162
49191,all,6.81227
49191,1,5.74265
49191,2,5.61007
49191,3,5.91654
49191,4,5.65205
49191,5,5.60225
49239,all,6.05472
49239,1,5.48162
49239,2,5.47381
49239,3,5.60225
49239,4,5.47381
49239,5,5.47381
49242,all,6.42318
49242,1,5.47381
49242,2,5.64427
49242,3,5.47381
49242,4,5.74998
49242,5,5.47381
49314,all,5.48162
49314,1,5.47381
49314,2,5.48162
49314,3,5.47381
49314,4,5.47381
49314,5,5.47381
49422,all,6.60946
49422,1,5.61789
49422,2,5.75419
49422,3,5.67635
49422,4,5.47381
49422,5,5.47381
49439,all,19.9557
49439,1,9.01686
49439,2,5.69152
49439,3,14.614
49439,4,9.94099
49439,5,7.52212
49560,all,6.69755
49560,1,5.48162
49560,2,5.47381
49560,3,5.76877
49560,4,5.67588
49560,5,6.39715
49566,all,5.6837
49566,1,5.47381
49566,2,5.47381
49566,3,5.48162
49566,4,5.47381
49566,5,5.47381
49611,all,5.6837
49611,1,5.47381
49611,2,5.47381
49611,3,5.47381
49611,4,5.61007
49611,5,5.47381
49632,all,6.1476
49632,1,5.47381
49632,2,5.47381
49632,3,6.1476
49632,4,5.47381
49632,5,5.47381
49836,all,5.61007
49836,1,5.47381
49836,2,5.47381
49836,3,5.48162
49836,4,5.47381
49836,5,5.47381
49841,all,58.2576
49841,1,14.687
49841,2,11.5428
49841,3,24.8913
49841,4,16.8971
49841,5,12.6066
50349,all,7.63552
50349,1,5.48944
50349,2,6.16827
50349,3,5.72568
50349,4,5.74998
50349,5,5.72568
50382,all,6.08106
50382,1,5.47381
50382,2,5.47381
50382,3,5.47381
50382,4,5.63641
50382,5,5.47381
50526,all,6.99262
50526,1,5.71004
50526,2,5.47381
50526,3,6.06253
50526,4,5.70017
50526,5,5.60225
50625,all,5.48162
50625,1,5.47381
50625,2,5.48162
50625,3,5.47381
50625,4,5.47381
50625,5,5.47381
50742,all,7.57459
50742,1,5.67635
50742,2,6.12099
50742,3,5.60225
50742,4,5.68416
50742,5,6.38644
50793,all,6.37081
50793,1,5.47381
50793,2,5.47381
50793,3,5.47381
50793,4,5.47381
50793,5,5.91654
51273,all,8.708
51273,1,6.42976
51273,2,5.6837
51273,3,6.45414
51273,4,6.78096
51273,5,5.95985
51321,all,5.48162
51321,1,5.47381
51321,2,5.47381
51321,3,5.48162
51321,4,5.47381
51321,5,5.47381
51387,all,7.13731
51387,1,5.47381
51387,2,5.60225
51387,3,6.79015
51387,4,5.47381
51387,5,5.47381
51963,all,5.48944
51963,1,5.47381
51963,2,5.48162
51963,3,5.47381
51963,4,5.47381
51963,5,5.48162
52038,all,6.91105
52038,1,5.47381
52038,2,6.06253
52038,3,5.60225
52038,4,5.5479
52038,5,6.14482
52098,all,5.69152
52098,1,5.48162
52098,2,5.47381
52098,3,5.47381
52098,4,5.48162
52098,5,5.47381
52401,all,5.61789
52401,1,5.47381
52401,2,5.48162
52401,3,5.48162
52401,4,5.47381
52401,5,5.47381
52506,all,6.99825
52506,1,5.61007
52506,2,5.71786
52506,3,5.48162
52506,4,5.7738
52506,5,5.6837
52710,all,12.9343
52710,1,6.51493
52710,2,9.72489
52710,3,6.13663
52710,4,7.9557
52710,5,6.74025
52719,all,6.06253
52719,1,5.47381
52719,2,5.47381
52719,3,5.61007
52719,4,5.48162
52719,5,5.47381
52731,all,6.45238
52731,1,5.47381
52731,2,5.47381
52731,3,6.20704
52731,4,5.47381
52731,5,5.47381
52857,all,5.6837
52857,1,5.47381
52857,2,5.48162
52857,3,5.60225
52857,4,5.47381
52857,5,5.47381
52863,all,5.69152
52863,1,5.47381
52863,2,5.47381
52863,3,5.48162
52863,4,5.48162
52863,5,5.47381
52974,all,6.57239
52974,1,5.50797
52974,2,5.47381
52974,3,5.61007
52974,4,5.71786
52974,5,5.47381
53085,all,6.12099
53085,1,5.47381
53085,2,5.5479
53085,3,5.60225
53085,4,5.47381
53085,5,5.47381
53384,all,13.7203
53384,1,6.66815
53384,2,6.29224
53384,3,7.06511
53384,4,7.98657
53384,5,8.86835
53457,all,6.15804
53457,1,5.5479
53457,2,5.47381
53457,3,5.50797
53457,4,5.5479
53457,5,5.48162
53516,all,23.1558
53516,1,11.7334
53516,2,9.31239
53516,3,12.0492
53516,4,15.9031
53516,5,10.9424
53520,all,7.79459
53520,1,5.67588
53520,2,5.67588
53520,3,6.0469
53520,4,6.76107
53520,5,5.60225
53526,all,6.40497
53526,1,5.47381
53526,2,5.47381
53526,3,5.71004
53526,4,5.48162
53526,5,5.67588
53568,all,6.19102
53568,1,5.47381
53568,2,5.47381
53568,3,5.47381
53568,4,5.48162
53568,5,5.48162
53735,all,48.0506
53735,1,13.9193
53735,2,10.861
53735,3,11.8749
53735,4,19.0721
53735,5,15.8054
53982,all,5.61007
53982,1,5.47381
53982,2,5.47381
53982,3,5.47381
53982,4,5.47381
53982,5,5.48162
54453,all,5.5479
54453,1,5.47381
54453,2,5.5479
54453,3,5.48162
54453,4,5.47381
54453,5,5.47381
54687,all,6.81429
54687,1,5.48162
54687,2,5.47381
54687,3,6.30787
54687,4,5.6837
54687,5,5.48162
54705,all,5.5479
54705,1,5.47381
54705,2,5.47381
54705,3,5.47381
54705,4,5.5479
54705,5,5.47381
54708,all,6.93054
54708,1,5.48162
54708,2,5.74998
54708,3,5.98282
54708,4,5.61007
54708,5,5.60225
54711,all,7.01143
54711,1,5.48162
54711,2,5.50797
54711,3,6.0469
54711,4,6.4561
54711,5,5.61007
54762,all,7.27804
54762,1,5.89409
54762,2,5.74637
54762,3,5.61793
54762,4,6.58332
54762,5,5.47381
54777,all,6.61078
54777,1,5.48162
54777,2,5.61789
54777,3,5.48162
54777,4,5.61007
54777,5,5.6837
54957,all,5.48162
54957,1,5.47381
54957,2,5.47381
54957,3,5.47381
54957,4,5.48162
54957,5,5.47381
55134,all,5.48162
55134,1,5.47381
55134,2,5.47381
55134,3,5.47381
55134,4,5.48162
55134,5,5.47381
55485,all,5.74637
55485,1,5.47381
55485,2,5.47381
55485,3,5.48162
55485,4,5.48162
55485,5,5.47381
55521,all,5.5479
55521,1,5.47381
55521,2,5.47381
55521,3,5.47381
55521,4,5.5479
55521,5,5.47381
55532,all,9.25343
55532,1,6.53056
55532,2,5.73349
55532,3,6.39797
55532,4,6.87156
55532,5,5.6837
55545,all,8.01081
55545,1,5.67635
55545,2,5.67588
55545,3,6.41279
55545,4,5.69152
55545,5,5.95852
55547,all,10.5287
55547,1,6.72501
55547,2,6.50398
55547,3,7.47488
55547,4,8.26137
55547,5,7.1633
55557,all,6.13979
55557,1,5.47381
55557,2,5.47381
55557,3,5.47381
55557,4,5.67635
55557,5,5.60225
55599,all,7.18827
55599,1,5.47381
55599,2,5.48162
55599,3,5.47381
55599,4,7.05607
55599,5,5.47381
55656,all,6.55511
55656,1,5.67588
55656,2,5.67588
55656,3,5.61007
55656,4,5.6837
55656,5,6.05472
55752,all,6.28114
55752,1,5.47381
55752,2,5.47381
55752,3,5.67635
55752,4,5.48944
55752,5,5.48162
55916,all,29.3983
55916,1,11.9055
55916,2,11.6379
55916,3,14.6496
55916,4,16.4426
55916,5,16.3599
55962,all,7.01748
55962,1,5.6837
55962,2,5.69152
55962,3,5.91654
55962,4,6.05472
55962,5,5.47381
55977,all,19.0038
55977,1,11.2893
55977,2,6.98754
55977,3,10.0255
55977,4,9.99431
55977,5,9.41107
56004,all,7.2652
56004,1,6.05472
56004,2,6.47432
56004,3,5.69152
56004,4,5.60225
56004,5,5.47381
56166,all,5.92436
56166,1,5.69152
56166,2,5.47381
56166,3,5.47381
56166,4,5.47381
56166,5,5.47381
56169,all,6.96369
56169,1,6.05472
56169,2,5.47381
56169,3,5.67588
56169,4,6.36299
56169,5,5.61007
56424,all,6.31224
56424,1,5.47381
56424,2,5.48162
56424,3,5.74998
56424,4,5.5479
56424,5,5.50797
56436,all,5.48162
56436,1,5.47381
56436,2,5.47381
56436,3,5.47381
56436,4,5.48162
56436,5,5.47381
56445,all,5.71786
56445,1,5.47381
56445,2,5.47381
56445,3,5.50797
56445,4,5.48162
56445,5,5.47381
56472,all,7.60152
56472,1,6.05472
56472,2,5.6837
56472,3,6.0469
56472,4,6.12099
56472,5,5.67588
56643,all,12.9332
56643,1,6.41279
56643,2,6.16045
56643,3,6.69406
56643,4,6.48578
56643,5,9.00596
56703,all,5.86979
56703,1,5.47381
56703,2,5.48162
56703,3,5.47381
56703,4,5.5236
56703,5,5.48162
56781,all,5.48162
56781,1,5.47381
56781,2,5.47381
56781,3,5.48162
56781,4,5.47381
56781,5,5.47381
56787,all,5.61007
56787,1,5.47381
56787,2,5.47381
56787,3,5.47381
56787,4,5.61007
56787,5,5.47381
56865,all,5.69152
56865,1,5.47381
56865,2,5.47381
56865,3,5.61007
56865,4,5.48162
56865,5,5.47381
56880,all,7.12479
56880,1,5.47381
56880,2,6.9342
56880,3,5.47381
56880,4,5.50797
56880,5,5.47381
57156,all,5.48162
57156,1,5.47381
57156,2,5.47381
57156,3,5.47381
57156,4,5.48162
57156,5,5.47381
57231,all,7.9792
57231,1,6.06253
57231,2,6.09428
57231,3,6.18486
57231,4,6.08888
57231,5,5.6837
57261,all,10.7685
57261,1,6.44632
57261,2,6.44632
57261,3,6.81294
57261,4,8.01909
57261,5,6.57586
57282,all,6.05472
57282,1,5.60225
57282,2,5.47381
57282,3,5.47381
57282,4,5.61007
57282,5,5.47381
57504,all,5.51579
57504,1,5.47381
57504,2,5.47381
57504,3,5.47381
57504,4,5.51579
57504,5,5.47381
57591,all,6.08888
57591,1,5.47381
57591,2,5.47381
57591,3,5.47381
57591,4,5.71786
57591,5,5.47381
57690,all,6.09803
57690,1,5.47381
57690,2,5.47381
57690,3,5.48162
57690,4,5.61007
57690,5,5.47381
57897,all,6.60566
57897,1,6.05284
57897,2,5.47381
57897,3,5.47381
57897,4,5.60225
57897,5,5.48162
57956,all,11.3288
57956,1,6.44632
57956,2,6.07035
57956,3,8.87585
57956,4,6.59149
57956,5,6.09669
58038,all,5.61789
58038,1,5.48944
58038,2,5.47381
58038,3,5.47381
58038,4,5.47381
58038,5,5.47381
58269,all,6.435
58269,1,6.0469
58269,2,5.47381
58269,3,6.30005
58269,4,5.47381
58269,5,5.47381
58293,all,9.82037
58293,1,6.46196
58293,2,6.66253
58293,3,6.12099
58293,4,6.37081
58293,5,6.74929
58314,all,5.6837
58314,1,5.48162
58314,2,5.47381
58314,3,5.47381
58314,4,5.60225
58314,5,5.47381
58350,all,6.63811
58350,1,5.61789
58350,2,5.69198
58350,3,5.50797
58350,4,5.48162
58350,5,5.47381
58356,all,11.426
58356,1,6.53095
58356,2,5.69152
58356,3,7.2734
58356,4,8.20392
58356,5,6.14482
58395,all,5.74265
58395,1,5.48162
58395,2,5.47381
58395,3,5.48162
58395,4,5.61007
58395,5,5.48162
58410,all,5.92436
58410,1,5.47381
58410,2,5.47381
58410,3,5.92436
58410,4,5.47381
58410,5,5.47381
58437,all,5.48162
58437,1,5.47381
58437,2,5.47381
58437,3,5.47381
58437,4,5.48162
58437,5,5.47381
58443,all,6.05472
58443,1,5.47381
58443,2,5.47381
58443,3,6.05472
58443,4,5.47381
58443,5,5.47381
58452,all,9.52499
58452,1,7.11636
58452,2,5.5479
58452,3,6.21629
58452,4,6.16515
58452,5,6.28954
58473,all,5.61007
58473,1,5.47381
58473,2,5.47381
58473,3,5.47381
58473,4,5.47381
58473,5,5.61007
58782,all,6.96534
58782,1,5.80892
58782,2,5.48162
58782,3,5.78162
58782,4,5.61789
58782,5,5.47381
58884,all,7.80709
58884,1,5.61789
58884,2,5.67588
58884,3,6.70825
58884,4,5.68416
58884,5,5.60225
59070,all,7.98236
59070,1,5.92436
59070,2,6.51493
59070,3,6.0469
59070,4,5.71004
59070,5,6.49394
59181,all,6.73254
59181,1,5.61007
59181,2,5.61789
59181,3,5.51579
59181,4,5.71004
59181,5,5.48162
59208,all,7.6067
59208,1,5.60225
59208,2,5.47381
59208,3,5.82782
59208,4,6.91446
59208,5,5.47381
59307,all,7.44538
59307,1,6.0469
59307,2,5.47381
59307,3,6.37081
59307,4,6.50398
59307,5,5.47381
59310,all,7.71528
59310,1,5.63641
59310,2,5.72568
59310,3,6.12881
59310,4,5.61789
59310,5,6.36548
59790,all,5.50797
59790,1,5.47381
59790,2,5.47381
59790,3,5.47381
59790,4,5.47381
59790,5,5.50797
60051,all,6.46977
60051,1,5.47381
60051,2,5.48162
60051,3,5.67588
60051,4,5.61789
60051,5,5.5479
60132,all,6.38644
60132,1,5.47381
60132,2,5.47381
60132,3,6.38644
60132,4,5.47381
60132,5,5.47381
60363,all,5.6837
60363,1,5.47381
60363,2,5.47381
60363,3,5.47381
60363,4,5.48162
60363,5,5.47381
60399,all,9.81654
60399,1,6.5118
60399,2,6.45414
60399,3,6.57679
60399,4,8.03905
60399,5,6.37081
60416,all,18.3438
60416,1,10.6645
60416,2,9.86052
60416,3,12.0212
60416,4,10.6572
60416,5,9.91933
60429,all,11.0696
60429,1,6.45063
60429,2,7.18756
60429,3,6.38644
60429,4,7.68052
60429,5,9.06027
60437,all,18.7245
60437,1,9.81626
60437,2,8.08084
60437,3,10.338
60437,4,12.8397
60437,5,8.86963
60471,all,6.58987
60471,1,5.60225
60471,2,5.50797
60471,3,5.61007
60471,4,5.69152
60471,5,5.74998
60615,all,7.93077
60615,1,5.91654
60615,2,5.47381
60615,3,6.21902
60615,4,6.57427
60615,5,6.21121
60711,all,5.69152
60711,1,5.47381
60711,2,5.47381
60711,3,5.47381
60711,4,5.61789
60711,5,5.47381
60939,all,6.60843
60939,1,5.82782
60939,2,5.91654
60939,3,5.47381
60939,4,5.71004
60939,5,5.47381
61034,all,12.0799
61034,1,6.46391
61034,2,7.24924
61034,3,7.56203
61034,4,6.37862
61034,5,6.68379
61083,all,5.69152
61083,1,5.48162
61083,2,5.47381
61083,3,5.47381
61083,4,5.48162
61083,5,5.47381
61218,all,5.69152
61218,1,5.47381
61218,2,5.47381
61218,3,5.47381
61218,4,5.61789
61218,5,5.47381
61221,all,6.12099
61221,1,5.47381
61221,2,5.47381
61221,3,5.60225
61221,4,5.67635
61221,5,5.47381
61605,all,5.48944
61605,1,5.48162
61605,2,5.47381
61605,3,5.48162
61605,4,5.47381
61605,5,5.47381
61623,all,5.48162
61623,1,5.47381
61623,2,5.47381
61623,3,5.47381
61623,4,5.48162
61623,5,5.47381
61656,all,6.51493
61656,1,5.47381
61656,2,5.48162
61656,3,6.05472
61656,4,5.6837
61656,5,5.47381
61827,all,13.9157
61827,1,6.36299
61827,2,7.51726
61827,3,7.11071
61827,4,9.023
61827,5,11.7481
61833,all,5.48162
61833,1,5.47381
61833,2,5.47381
61833,3,5.47381
61833,4,5.48162
61833,5,5.47381
61872,all,6.40497
61872,1,5.67588
61872,2,5.63641
61872,3,5.6837
61872,4,5.47381
61872,5,5.47381
61923,all,6.82056
61923,1,5.47381
61923,2,5.47381
61923,3,5.48162
61923,4,6.48613
61923,5,5.71786
61964,all,10.5747
61964,1,6.90219
61964,2,6.45063
61964,3,6.57586
61964,4,7.06073
61964,5,6.96313
62481,all,5.98265
62481,1,5.50797
62481,2,5.47381
62481,3,5.47381
62481,4,5.51579
62481,5,5.48162
62733,all,6.05472
62733,1,5.47381
62733,2,5.47381
62733,3,5.60225
62733,4,5.61007
62733,5,5.47381
62772,all,7.23224
62772,1,5.47381
62772,2,5.47381
62772,3,6.16585
62772,4,6.37415
62772,5,5.67635
62979,all,5.69152
62979,1,5.47381
62979,2,5.47381
62979,3,5.47381
62979,4,5.69152
62979,5,5.47381
63003,all,12.834
63003,1,7.99712
63003,2,6.37081
63003,3,8.29195
63003,4,6.90174
63003,5,6.7968
63009,all,6.25778
63009,1,5.47381
63009,2,5.48162
63009,3,5.6257
63009,4,5.67154
63009,5,5.47381
63021,all,5.48162
63021,1,5.47381
63021,2,5.47381
63021,3,5.47381
63021,4,5.48162
63021,5,5.47381
63111,all,5.65338
63111,1,5.52494
63111,2,5.47381
63111,3,5.47381
63111,4,5.47381
63111,5,5.47381
63396,all,5.6837
63396,1,5.47381
63396,2,5.47381
63396,3,5.48162
63396,4,5.47381
63396,5,5.47381
63501,all,6.56804
63501,1,5.47381
63501,2,5.47381
63501,3,6.0469
63501,4,6.39715
63501,5,5.60225
63591,all,9.21995
63591,1,6.53347
63591,2,6.435
63591,3,6.39715
63591,4,7.44538
63591,5,7.43757
63606,all,6.67759
63606,1,5.48162
63606,2,5.48162
63606,3,5.6837
63606,4,5.6837
63606,5,5.6837
63612,all,7.04458
63612,1,5.81265
63612,2,5.47381
63612,3,5.67588
63612,4,6.19268
63612,5,5.69933
63621,all,6.836
63621,1,5.6837
63621,2,5.67588
63621,3,5.67588
63621,4,5.91654
63621,5,5.60225
63642,all,5.57173
63642,1,5.47381
63642,2,5.47381
63642,3,5.50797
63642,4,5.5479
63642,5,5.47381
63699,all,8.48409
63699,1,5.60225
63699,2,5.47381
63699,3,6.17705
63699,4,6.76376
63699,5,6.80512
63723,all,26.5791
63723,1,11.2334
63723,2,12.0592
63723,3,12.9389
63723,4,13.4189
63723,5,13.3691
63747,all,7.46706
63747,1,6.37081
63747,2,5.60225
63747,3,5.67588
63747,4,6.0469
63747,5,6.05472
64002,all,5.82
64002,1,5.47381
64002,2,5.47381
64002,3,5.61007
64002,4,5.48162
64002,5,5.47381
64107,all,8.18455
64107,1,5.67588
64107,2,5.78162
64107,3,5.69152
64107,4,6.79965
64107,5,5.61007
64644,all,9.48791
64644,1,5.49726
64644,2,5.78053
64644,3,6.47581
64644,4,6.05284
64644,5,6.8388
65157,all,6.67406
65157,1,5.82
65157,2,5.47381
65157,3,5.6837
65157,4,5.74998
65157,5,5.47381
65166,all,11.7099
65166,1,6.99319
65166,2,7.78792
65166,3,7.92488
65166,4,6.80107
65166,5,6.53347
65310,all,5.51579
65310,1,5.47381
65310,2,5.47381
65310,3,5.47381
65310,4,5.47381
65310,5,5.51579
65505,all,6.45199
65505,1,5.48162
65505,2,5.47381
65505,3,5.48162
65505,4,5.48162
65505,5,5.48162
65511,all,6.9233
65511,1,5.63641
65511,2,5.47381
65511,3,5.71786
65511,4,5.67588
65511,5,5.6837
65523,all,5.6837
65523,1,5.47381
65523,2,5.48162
65523,3,5.47381
65523,4,5.47381
65523,5,5.47381
65547,all,15.8951
65547,1,8.8017
65547,2,6.79217
65547,3,11.487
65547,4,7.96574
65547,5,11.2828
65556,all,6.52021
65556,1,5.61007
65556,2,5.47381
65556,3,5.71786
65556,4,5.6837
65556,5,5.55572
65559,all,7.61733
65559,1,5.65338
65559,2,5.65338
65559,3,6.18776
65559,4,6.54127
65559,5,5.47381
65702,all,10.2744
65702,1,5.99063
65702,2,6.46196
65702,3,6.46196
65702,4,6.12881
65702,5,7.54531
65811,all,6.96785
65811,1,5.47381
65811,2,5.47381
65811,3,5.48162
65811,4,6.13219
65811,5,6.31187
65994,all,5.48162
65994,1,5.47381
65994,2,5.48162
65994,3,5.47381
65994,4,5.47381
65994,5,5.47381
66324,all,5.69933
66324,1,5.47381
66324,2,5.47381
66324,3,5.47381
66324,4,5.48944
66324,5,5.48162
66384,all,6.52566
66384,1,6.0469
66384,2,5.47381
66384,3,5.67588
66384,4,5.67588
66384,5,5.48162
66777,all,5.74265
66777,1,5.53275
66777,2,5.47381
66777,3,5.48162
66777,4,5.48162
66777,5,5.47381
67143,all,5.50797
67143,1,5.47381
67143,2,5.47381
67143,3,5.47381
67143,4,5.50797
67143,5,5.47381
67158,all,7.47089
67158,1,5.61789
67158,2,5.5479
67158,3,5.7158
67158,4,5.86198
67158,5,5.70715
67371,all,7.72978
67371,1,6.06253
67371,2,5.64423
67371,3,6.30787
67371,4,5.9507
67371,5,5.6837
67623,all,6.06253
67623,1,5.47381
67623,2,5.48162
67623,3,5.47381
67623,4,5.61007
67623,5,5.47381
67836,all,5.72568
67836,1,5.48162
67836,2,5.48162
67836,3,5.47381
67836,4,5.50797
67836,5,5.47381
67851,all,9.82312
67851,1,6.12099
67851,2,5.61007
67851,3,6.71593
67851,4,6.58206
67851,5,6.40076
68016,all,14.3293
68016,1,8.04292
68016,2,7.41819
68016,3,9.74305
68016,4,6.96622
68016,5,6.13663
68352,all,9.13514
68352,1,6.14001
68352,2,5.68416
68352,3,5.67635
68352,4,6.16827
68352,5,6.30623
68390,all,13.1659
68390,1,9.07623
68390,2,6.36299
68390,3,10.2227
68390,4,8.10287
68390,5,6.78544
68448,all,5.48162
68448,1,5.47381
68448,2,5.48162
68448,3,5.47381
68448,4,5.47381
68448,5,5.47381
68511,all,6.48145
68511,1,5.47381
68511,2,5.47381
68511,3,5.6837
68511,4,5.75779
68511,5,5.47381
68649,all,9.79613
68649,1,6.08888
68649,2,6.0469
68649,3,6.0469
68649,4,7.87183
68649,5,5.6837
68808,all,5.61007
68808,1,5.47381
68808,2,5.47381
68808,3,5.47381
68808,4,5.48162
68808,5,5.47381
68949,all,7.3086
68949,1,5.9507
68949,2,5.6837
68949,3,6.0469
68949,4,5.92436
68949,5,5.74998
69000,all,5.48162
69000,1,5.47381
69000,2,5.47381
69000,3,5.47381
69000,4,5.47381
69000,5,5.48162
69003,all,16.3058
69003,1,7.98609
69003,2,7.92249
69003,3,9.0945
69003,4,9.64952
69003,5,11.3867
69006,all,9.19264
69006,1,6.71356
69006,2,6.0469
69006,3,6.36299
69006,4,9.18482
69006,5,7.43757
69045,all,19.2392
69045,1,8.73208
69045,2,6.96369
69045,3,11.8639
69045,4,12.2114
69045,5,9.86898
69210,all,5.48162
69210,1,5.47381
69210,2,5.47381
69210,3,5.47381
69210,4,5.47381
69210,5,5.48162
69336,all,5.98282
69336,1,5.60225
69336,2,5.47381
69336,3,5.47381
69336,4,5.48162
69336,5,5.5479
69339,all,6.49382
69339,1,5.47381
69339,2,5.50797
69339,3,5.71004
69339,4,5.47381
69339,5,5.47381
69819,all,10.4099
69819,1,6.42194
69819,2,6.7235
69819,3,6.28842
69819,4,7.07106
69819,5,6.50164
70101,all,5.50797
70101,1,5.47381
70101,2,5.47381
70101,3,5.47381
70101,4,5.50797
70101,5,5.47381
70110,all,6.2005
70110,1,5.61007
70110,2,5.48162
70110,3,5.47381
70110,4,5.48162
70110,5,5.60225
70188,all,5.90191
70188,1,5.5479
70188,2,5.47381
70188,3,5.69198
70188,4,5.47381
70188,5,5.48162
70641,all,6.32116
70641,1,5.60225
70641,2,5.61007
70641,3,5.47381
70641,4,5.47381
70641,5,5.48162
70671,all,6.97628
70671,1,5.6837
70671,2,5.47381
70671,3,5.6842
70671,4,6.0469
70671,5,5.67635
70694,all,28.8017
70694,1,11.9717
70694,2,13.4789
70694,3,15.4509
70694,4,13.1926
70694,5,14.4029
70722,all,9.70813
70722,1,6.50398
70722,2,6.45414
70722,3,7.11987
70722,4,6.36299
70722,5,6.50398
70848,all,11.7334
70848,1,6.87337
70848,2,6.36299
70848,3,6.40497
70848,4,6.42194
70848,5,9.53757
70860,all,6.74986
70860,1,5.47381
70860,2,5.47381
70860,3,5.47381
70860,4,5.47381
70860,5,6.64535
71313,all,6.21484
71313,1,5.47381
71313,2,5.47381
71313,3,5.48162
71313,4,5.48162
71313,5,5.51579
71580,all,52.9007
71580,1,15.9711
71580,2,14.8633
71580,3,14.0986
71580,4,24.1413
71580,5,15.8841
71595,all,5.6837
71595,1,5.47381
71595,2,5.47381
71595,3,5.47381
71595,4,5.48162
71595,5,5.47381
71871,all,5.91654
71871,1,5.47381
71871,2,5.47381
71871,3,5.47381
71871,4,5.6837
71871,5,5.47381
71883,all,6.89463
71883,1,5.47381
71883,2,5.47381
71883,3,5.70799
71883,4,5.65205
71883,5,5.51579
71934,all,66.5429
71934,1,18.9753
71934,2,14.2029
71934,3,22.1545
71934,4,20.5203
71934,5,13.2763
71952,all,6.66044
71952,1,5.48162
71952,2,5.47381
71952,3,6.09669
71952,4,5.63641
71952,5,5.47381
71961,all,7.47488
71961,1,6.0469
71961,2,6.0469
71961,3,5.67588
71961,4,6.97151
71961,5,5.60225
71970,all,6.01794
71970,1,5.48162
71970,2,5.47381
71970,3,5.48162
71970,4,5.5479
71970,5,5.47381
71976,all,6.06253
71976,1,5.47381
71976,2,5.48162
71976,3,5.47381
71976,4,5.48162
71976,5,5.60225
72018,all,6.10451
72018,1,5.50797
72018,2,5.47381
72018,3,5.47381
72018,4,5.93217
72018,5,5.47381
72060,all,6.37862
72060,1,5.47381
72060,2,5.48162
72060,3,5.60225
72060,4,5.6837
72060,5,5.47381
72078,all,5.48162
72078,1,5.47381
72078,2,5.47381
72078,3,5.47381
72078,4,5.47381
72078,5,5.48162
72102,all,6.95248
72102,1,5.61007
72102,2,5.60225
72102,3,6.37081
72102,4,5.71004
72102,5,5.50797
72216,all,5.74637
72216,1,5.47381
72216,2,5.47381
72216,3,5.47381
72216,4,5.61793
72216,5,5.47381
72327,all,6.38644
72327,1,5.61007
72327,2,5.48162
72327,3,5.6837
72327,4,5.47381
72327,5,5.47381
72836,all,13.3616
72836,1,6.7782
72836,2,6.39715
72836,3,8.26113
72836,4,10.1094
72836,5,6.84378
72840,all,6.40497
72840,1,5.90872
72840,2,5.47381
72840,3,5.47381
72840,4,5.51579
72840,5,5.60225
72924,all,5.48162
72924,1,5.47381
72924,2,5.47381
72924,3,5.47381
72924,4,5.48162
72924,5,5.47381
72945,all,6.16393
72945,1,5.47381
72945,2,5.48162
72945,3,5.47381
72945,4,5.48944
72945,5,5.5479
73017,all,5.48162
73017,1,5.47381
73017,2,5.47381
73017,3,5.47381
73017,4,5.48162
73017,5,5.47381
73188,all,5.5479
73188,1,5.47381
73188,2,5.48162
73188,3,5.47381
73188,4,5.47381
73188,5,5.5479
73191,all,5.61007
73191,1,5.47381
73191,2,5.47381
73191,3,5.47381
73191,4,5.48162
73191,5,5.47381
73245,all,5.61789
73245,1,5.47381
73245,2,5.47381
73245,3,5.48162
73245,4,5.47381
73245,5,5.48162
73362,all,19.7453
73362,1,11.7258
73362,2,9.6956
73362,3,11.3055
73362,4,12.131
73362,5,10.7387
73377,all,7.85701
73377,1,6.48926
73377,2,5.82
73377,3,5.48944
73377,4,5.67635
73377,5,6.36299
73383,all,5.71786
73383,1,5.47381
73383,2,5.47381
73383,3,5.47381
73383,4,5.64423
73383,5,5.47381
73410,all,6.80053
73410,1,5.61007
73410,2,5.5479
73410,3,6.48578
73410,4,5.47381
73410,5,5.47381
73452,all,9.84266
73452,1,6.39426
73452,2,6.24633
73452,3,6.41279
73452,4,6.77196
73452,5,6.06253
73569,all,11.4853
73569,1,6.30623
73569,2,6.25415
73569,3,6.94513
73569,4,6.93202
73569,5,6.23466
73650,all,6.57074
73650,1,5.48162
73650,2,5.47381
73650,3,6.30787
73650,4,5.6837
73650,5,5.60225
73854,all,6.52314
73854,1,5.47381
73854,2,5.47381
73854,3,6.05472
73854,4,5.48162
73854,5,5.47381
73908,all,7.03594
73908,1,5.83167
73908,2,5.67588
73908,3,5.74998
73908,4,5.67588
73908,5,5.47381
74118,all,6.67616
74118,1,5.48162
74118,2,5.72701
74118,3,5.67635
74118,4,6.0469
74118,5,5.61007
74148,all,27.7116
74148,1,11.5312
74148,2,9.71459
74148,3,12.9954
74148,4,17.3332
74148,5,12.0831
74166,all,5.48162
74166,1,5.47381
74166,2,5.47381
74166,3,5.48162
74166,4,5.47381
74166,5,5.47381
74418,all,8.39213
74418,1,6.12099
74418,2,6.3264
74418,3,6.46977
74418,4,6.37081
74418,5,6.30005
74532,all,9.05341
74532,1,6.54415
74532,2,5.47381
74532,3,7.53987
74532,4,6.44281
74532,5,5.47381
74547,all,13.4979
74547,1,8.19858
74547,2,6.60535
74547,3,8.97966
74547,4,7.93046
74547,5,8.52539
74664,all,10.8523
74664,1,7.46706
74664,2,6.86555
74664,3,6.50398
74664,4,6.69188
74664,5,8.14092
74967,all,7.09192
74967,1,5.60225
74967,2,5.67588
74967,3,5.63641
74967,4,6.44632
74967,5,5.6837
74988,all,12.2584
74988,1,6.53347
74988,2,7.11591
74988,3,6.47796
74988,4,6.46196
74988,5,8.21279
75027,all,6.60152
75027,1,5.5479
75027,2,5.47381
75027,3,5.74998
75027,4,5.64423
75027,5,5.47381
75051,all,6.38644
75051,1,5.47381
75051,2,5.47381
75051,3,6.05472
75051,4,5.48944
75051,5,5.47381
75078,all,6.92831
75078,1,5.48162
75078,2,5.67588
75078,3,5.61789
75078,4,5.82
75078,5,5.88628
75087,all,12.9146
75087,1,6.63676
75087,2,6.65263
75087,3,6.41279
75087,4,5.72568
75087,5,10.3626
75354,all,11.2419
75354,1,6.12099
75354,2,5.72568
75354,3,6.87928
75354,4,6.70869
75354,5,7.46002
75417,all,9.6229
75417,1,6.37081
75417,2,6.37081
75417,3,7.2518
75417,4,6.37862
75417,5,7.49655
75423,all,16.3068
75423,1,7.29007
75423,2,8.42041
75423,3,7.49972
75423,4,10.6402
75423,5,8.04895
75834,all,6.85884
75834,1,6.0469
75834,2,5.47381
75834,3,5.71004
75834,4,6.25114
75834,5,5.67588
75939,all,6.28114
75939,1,5.5479
75939,2,5.47381
75939,3,5.47381
75939,4,5.47381
75939,5,5.82
75974,all,15.8948
75974,1,9.39788
75974,2,7.9883
75974,3,8.70547
75974,4,9.95201
75974,5,8.29498
76023,all,5.76561
76023,1,5.47381
76023,2,5.47381
76023,3,5.48162
76023,4,5.68416
76023,5,5.47381
76166,all,184.255
76166,1,48.4824
76166,2,23.2141
76166,3,73.4184
76166,4,76.6876
76166,5,25.0079
76185,all,17.1279
76185,1,7.48918
76185,2,6.6569
76185,3,9.93848
76185,4,8.50079
76185,5,9.83856
76209,all,5.6837
76209,1,5.47381
76209,2,5.47381
76209,3,5.47381
76209,4,5.48162
76209,5,5.47381
76278,all,6.56458
76278,1,5.47381
76278,2,5.47381
76278,3,5.71004
76278,4,6.08888
76278,5,5.47381
76820,all,18.7086
76820,1,9.59525
76820,2,10.6318
76820,3,8.32293
76820,4,10.9537
76820,5,11.6421
76995,all,5.48162
76995,1,5.47381
76995,2,5.47381
76995,3,5.47381
76995,4,5.48162
76995,5,5.47381
77016,all,6.08888
77016,1,5.61007
77016,2,5.63641
77016,3,5.47381
77016,4,5.47381
77016,5,5.47381
77028,all,5.67635
77028,1,5.47381
77028,2,5.47381
77028,3,5.47381
77028,4,5.5479
77028,5,5.47381
77274,all,6.19102
77274,1,5.61007
77274,2,5.61007
77274,3,5.47381
77274,4,5.47381
77274,5,5.47381
77289,all,15.4742
77289,1,6.50711
77289,2,6.52566
77289,3,6.89615
77289,4,14.0544
77289,5,7.04943
77457,all,5.69152
77457,1,5.48944
77457,2,5.47381
77457,3,5.47381
77457,4,5.47381
77457,5,5.47381
77853,all,6.83596
77853,1,5.60225
77853,2,5.61007
77853,3,6.20704
77853,4,5.60225
77853,5,5.48162
77859,all,5.5479
77859,1,5.47381
77859,2,5.47381
77859,3,5.47381
77859,4,5.5479
77859,5,5.47381
77919,all,5.5479
77919,1,5.47381
77919,2,5.47381
77919,3,5.47381
77919,4,5.5479
77919,5,5.47381
77957,all,11.6658
77957,1,6.86122
77957,2,6.28278
77957,3,6.68658
77957,4,7.76373
77957,5,6.58021
77982,all,8.46173
77982,1,5.82
77982,2,5.72701
77982,3,6.33719
77982,4,6.67799
77982,5,6.63029
78054,all,10.6411
78054,1,5.69152
78054,2,7.27296
78054,3,6.19268
78054,4,6.43636
78054,5,7.00789
78225,all,6.6858
78225,1,5.60225
78225,2,6.20704
78225,3,5.6837
78225,4,5.47381
78225,5,6.0469
78234,all,11.4437
78234,1,6.38644
78234,2,9.74012
78234,3,7.63101
78234,4,7.51819
78234,5,6.71309
78263,all,12.5928
78263,1,6.63485
78263,2,6.71429
78263,3,8.12896
78263,4,7.92829
78263,5,8.02166
78293,all,12.3283
78293,1,7.53987
78293,2,6.97151
78293,3,7.56843
78293,4,10.6566
78293,5,6.59846
78360,all,5.74998
78360,1,5.47381
78360,2,5.47381
78360,3,5.60225
78360,4,5.47381
78360,5,5.5479
78363,all,7.13254
78363,1,5.67635
78363,2,5.5479
78363,3,5.5479
78363,4,5.75779
78363,5,5.61789
78375,all,5.69152
78375,1,5.47381
78375,2,5.48162
78375,3,5.60225
78375,4,5.47381
78375,5,5.48162
78387,all,8.85012
78387,1,6.5906
78387,2,5.71004
78387,3,5.92573
78387,4,6.59842
78387,5,6.02104
78570,all,6.54127
78570,1,5.47381
78570,2,5.47381
78570,3,5.64423
78570,4,6.05472
78570,5,5.60225
78579,all,12.0869
78579,1,6.88759
78579,2,6.53347
78579,3,6.69145
78579,4,6.80221
78579,5,8.35935
78744,all,6.37081
78744,1,5.48162
78744,2,5.47381
78744,3,5.67588
78744,4,5.47381
78744,5,5.47381
78885,all,5.75779
78885,1,5.47381
78885,2,5.47381
78885,3,5.55572
78885,4,5.47381
78885,5,5.47381
78932,all,413.756
78932,1,105.528
78932,2,90.0
78932,3,125.712
78932,4,281.073
78932,5,106.442
78972,all,6.53056
78972,1,5.48162
78972,2,5.47381
78972,3,5.48162
78972,4,6.32898
78972,5,5.61007
79050,all,6.7409
79050,1,5.61007
79050,2,5.6837
79050,3,5.75779
79050,4,5.47381
79050,5,5.71004
79062,all,6.49692
79062,1,5.61789
79062,2,5.47381
79062,3,5.75419
79062,4,5.51579
79062,5,5.48162
79068,all,9.09966
79068,1,6.19268
79068,2,6.05472
79068,3,6.51493
79068,4,6.38644
79068,5,6.6481
79077,all,5.74637
79077,1,5.47381
79077,2,5.47381
79077,3,5.61793
79077,4,5.47381
79077,5,5.47381
79092,all,5.63641
79092,1,5.47381
79092,2,5.47381
79092,3,5.50797
79092,4,5.47381
79092,5,5.47381
79146,all,23.1877
79146,1,7.49025
79146,2,8.491
79146,3,7.88225
79146,4,9.89846
79146,5,17.938
79167,all,6.22268
79167,1,5.48162
79167,2,5.61789
79167,3,5.47381
79167,4,5.48162
79167,5,5.48162
79175,all,10.4599
79175,1,6.31569
79175,2,5.80532
79175,3,6.42975
79175,4,6.44281
79175,5,7.38648
79176,all,8.82301
79176,1,6.52476
79176,2,5.69152
79176,3,7.30297
79176,4,5.6837
79176,5,5.61007
79179,all,5.61007
79179,1,5.47381
79179,2,5.47381
79179,3,5.47381
79179,4,5.61007
79179,5,5.47381
79221,all,7.10957
79221,1,5.82046
79221,2,5.48162
79221,3,6.19883
79221,4,5.60225
79221,5,5.63641
79230,all,5.48944
79230,1,5.47381
79230,2,5.47381
79230,3,5.47381
79230,4,5.48162
79230,5,5.48162
79254,all,5.61007
79254,1,5.47381
79254,2,5.47381
79254,3,5.48162
79254,4,5.47381
79254,5,5.47381
79284,all,6.66725
79284,1,5.61007
79284,2,5.47381
79284,3,5.47381
79284,4,5.6257
79284,5,5.61007
79497,all,5.61007
79497,1,5.47381
79497,2,5.47381
79497,3,5.47381
79497,4,5.48162
79497,5,5.47381
79920,all,5.91654
79920,1,5.47381
79920,2,5.60225
79920,3,5.47381
79920,4,5.48162
79920,5,5.47381
80358,all,7.7279
80358,1,5.6257
80358,2,5.48944
80358,3,5.55572
80358,4,5.68416
80358,5,6.4604
80400,all,5.61007
80400,1,5.47381
80400,2,5.47381
80400,3,5.47381
80400,4,5.61007
80400,5,5.47381
80559,all,7.69878
80559,1,5.6837
80559,2,5.67588
80559,3,5.67588
80559,4,7.19541
80559,5,5.67588
81333,all,6.22684
81333,1,5.47381
81333,2,5.47381
81333,3,5.48162
81333,4,6.08888
81333,5,5.47381
81402,all,7.49651
81402,1,5.61007
81402,2,5.67588
81402,3,6.06253
81402,4,6.37081
81402,5,6.0469
81471,all,6.44281
81471,1,5.47381
81471,2,5.47381
81471,3,5.60225
81471,4,5.6837
81471,5,6.05472
81630,all,6.67323
81630,1,5.47381
81630,2,5.47381
81630,3,5.86979
81630,4,5.5479
81630,5,5.61007
81663,all,7.69325
81663,1,6.29224
81663,2,5.71004
81663,3,6.12099
81663,4,6.54911
81663,5,6.0469
81750,all,6.42528
81750,1,5.47381
81750,2,5.47381
81750,3,6.04176
81750,4,5.47381
81750,5,5.48944
82002,all,6.38644
82002,1,5.61007
82002,2,5.48162
82002,3,5.60225
82002,4,5.47381
82002,5,5.61007
82026,all,7.16217
82026,1,5.47381
82026,2,5.60225
82026,3,5.99063
82026,4,5.92436
82026,5,6.33422
82116,all,11.3085
82116,1,6.4936
82116,2,5.63641
82116,3,5.6837
82116,4,6.36299
82116,5,9.13741
82149,all,46.217
82149,1,14.3873
82149,2,10.9341
82149,3,15.5613
82149,4,14.7453
82149,5,10.1191
82428,all,6.57639
82428,1,5.47381
82428,2,6.54909
82428,3,5.47381
82428,4,5.48162
82428,5,5.47381
82431,all,7.3856
82431,1,5.47381
82431,2,5.47381
82431,3,6.25896
82431,4,6.64383
82431,5,5.47381
82830,all,12.5531
82830,1,8.49489
82830,2,8.36846
82830,3,9.28027
82830,4,9.57494
82830,5,10.8765
83412,all,8.39703
83412,1,6.54219
83412,2,5.60225
83412,3,6.12099
83412,4,6.58733
83412,5,5.69152
83427,all,7.09475
83427,1,5.47381
83427,2,5.48162
83427,3,5.89409
83427,4,6.0113
83427,5,5.47381
83598,all,5.89409
83598,1,5.47381
83598,2,5.47381
83598,3,5.61793
83598,4,5.5479
83598,5,5.47381
83655,all,6.59149
83655,1,6.06253
83655,2,5.9507
83655,3,5.67588
83655,4,5.67588
83655,5,5.47381
84096,all,5.75779
84096,1,5.47381
84096,2,5.47381
84096,3,5.47381
84096,4,5.67635
84096,5,5.48162
84702,all,9.53722
84702,1,8.35283
84702,2,6.69188
84702,3,8.81844
84702,4,7.86048
84702,5,6.29224
84708,all,9.75951
84708,1,6.46196
84708,2,5.6837
84708,3,6.6762
84708,4,6.05472
84708,5,6.2906
85014,all,12.8054
85014,1,6.45414
85014,2,6.15263
85014,3,8.63538
85014,4,6.72993
85014,5,6.00664
85023,all,12.2603
85023,1,8.48372
85023,2,9.18616
85023,3,8.64919
85023,4,9.56921
85023,5,9.51242
85095,all,10.7482
85095,1,6.73523
85095,2,6.41279
85095,3,7.24372
85095,4,7.25784
85095,5,8.39712
85176,all,8.23641
85176,1,6.19268
85176,2,5.5479
85176,3,6.17705
85176,4,7.19807
85176,5,5.47381
85182,all,8.19483
85182,1,6.20665
85182,2,6.28842
85182,3,5.47381
85182,4,5.47381
85182,5,6.60647
85200,all,15.9719
85200,1,9.87818
85200,2,9.22536
85200,3,10.0025
85200,4,10.3729
85200,5,9.75187
85407,all,7.83672
85407,1,6.46196
85407,2,5.69152
85407,3,5.6837
85407,4,6.08106
85407,5,5.60225
85473,all,6.32898
85473,1,5.47381
85473,2,5.47381
85473,3,5.47381
85473,4,5.6837
85473,5,5.74637
85781,all,18.5456
85781,1,9.74219
85781,2,10.5299
85781,3,12.0942
85781,4,8.74448
85781,5,6.54129
86136,all,10.9216
86136,1,6.1476
86136,2,6.6254
86136,3,6.60152
86136,4,6.67913
86136,5,6.51309
86229,all,6.24848
86229,1,5.60225
86229,2,5.47381
86229,3,5.47381
86229,4,5.63641
86229,5,5.50797
86235,all,6.53633
86235,1,5.47381
86235,2,5.61007
86235,3,5.63641
86235,4,5.69152
86235,5,5.60225
86448,all,6.78653
86448,1,5.60225
86448,2,5.60225
86448,3,5.91654
86448,4,6.05472
86448,5,5.68416
86754,all,10.1535
86754,1,5.75779
86754,2,6.56511
86754,3,5.78162
86754,4,7.71402
86754,5,6.4852
86832,all,20.2543
86832,1,7.24926
86832,2,6.38644
86832,3,14.3777
86832,4,8.72018
86832,5,7.64607
86847,all,5.91654
86847,1,5.47381
86847,2,5.47381
86847,3,5.61007
86847,4,5.47381
86847,5,5.47381
86850,all,6.37862
86850,1,5.60225
86850,2,5.47381
86850,3,5.6837
86850,4,5.61007
86850,5,5.60225
87030,all,6.88091
87030,1,5.72568
87030,2,5.69152
87030,3,5.47381
87030,4,6.13663
87030,5,5.69152
87108,all,6.44632
87108,1,5.47381
87108,2,5.47381
87108,3,5.67588
87108,4,5.90872
87108,5,5.67635
87168,all,8.80172
87168,1,5.99063
87168,2,5.48162
87168,3,6.49188
87168,4,6.10451
87168,5,5.71786
87201,all,6.54129
87201,1,5.47381
87201,2,5.61007
87201,3,5.47381
87201,4,5.67588
87201,5,6.06253
88323,all,8.01077
88323,1,6.43636
88323,2,5.47381
88323,3,6.38644
88323,4,6.2005
88323,5,5.92436
88428,all,6.70101
88428,1,5.47381
88428,2,5.50797
88428,3,6.69319
88428,4,5.47381
88428,5,5.47381
88779,all,6.69211
88779,1,5.48162
88779,2,5.82
88779,3,5.68416
88779,4,5.47381
88779,5,5.6837
88785,all,12.0298
88785,1,6.87312
88785,2,6.99793
88785,3,6.38644
88785,4,7.63403
88785,5,5.69152
88845,all,17.1103
88845,1,9.28608
88845,2,9.9422
88845,3,10.5568
88845,4,10.2192
88845,5,11.7906
88883,all,12.4275
88883,1,9.55236
88883,2,9.35311
88883,3,9.42978
88883,4,9.86638
88883,5,10.0221
88956,all,7.61538
88956,1,6.0469
88956,2,5.67588
88956,3,6.12881
88956,4,6.17705
88956,5,6.0469
88971,all,6.13663
88971,1,5.5479
88971,2,5.47381
88971,3,5.48162
88971,4,5.61007
88971,5,5.47381
88986,all,11.2685
88986,1,7.44482
88986,2,6.48578
88986,3,6.59514
88986,4,6.44281
88986,5,6.53095
88995,all,7.25697
88995,1,5.67635
88995,2,5.6837
88995,3,5.50797
88995,4,6.01446
88995,5,5.76561
89028,all,10.7351
89028,1,6.435
89028,2,6.17705
89028,3,7.06288
89028,4,6.69966
89028,5,6.90602
89211,all,9.63325
89211,1,6.57679
89211,2,6.43636
89211,3,7.47488
89211,4,7.57491
89211,5,8.36846
89223,all,6.63905
89223,1,5.52494
89223,2,5.75419
89223,3,5.47381
89223,4,5.76561
89223,5,5.47381
89265,all,10.0804
89265,1,6.54911
89265,2,6.0469
89265,3,7.82408
89265,4,6.61722
89265,5,6.05472
89319,all,11.4856
89319,1,6.46196
89319,2,5.47381
89319,3,10.9397
89319,4,5.47381
89319,5,5.47381
89322,all,9.30745
89322,1,5.72701
89322,2,6.10451
89322,3,5.61007
89322,4,6.50141
89322,5,7.00954
90147,all,9.78661
90147,1,5.6837
90147,2,5.60225
90147,3,7.30332
90147,4,6.46391
90147,5,6.44791
90333,all,7.85107
90333,1,5.60225
90333,2,5.67588
90333,3,5.5479
90333,4,6.82391
90333,5,5.71004
90525,all,10.5097
90525,1,6.24247
90525,2,6.45414
90525,3,6.63811
90525,4,6.75551
90525,5,5.67635
91041,all,10.8035
91041,1,6.45414
91041,2,5.47381
91041,3,6.0469
91041,4,8.86009
91041,5,6.45414
91053,all,7.76373
91053,1,6.0469
91053,2,6.10451
91053,3,6.37081
91053,4,5.67588
91053,5,5.69933
91062,all,6.34334
91062,1,5.47381
91062,2,5.47381
91062,3,5.74637
91062,4,5.48162
91062,5,5.48162
91071,all,10.9073
91071,1,6.70844
91071,2,6.80062
91071,3,6.45063
91071,4,6.89541
91071,5,5.71786
91176,all,6.89417
91176,1,5.69152
91176,2,5.61007
91176,3,5.63641
91176,4,5.69152
91176,5,5.76561
91209,all,8.29327
91209,1,5.6837
91209,2,5.64423
91209,3,6.02104
91209,4,7.00742
91209,5,5.50797
91620,all,6.37862
91620,1,5.47381
91620,2,5.47381
91620,3,5.6837
91620,4,5.47381
91620,5,5.48162
91680,all,13.7175
91680,1,6.55812
91680,2,5.71004
91680,3,5.72568
91680,4,12.1987
91680,5,5.92436
91737,all,7.29733
91737,1,5.47381
91737,2,6.11864
91737,3,5.61007
91737,4,6.30666
91737,5,5.47381
92073,all,12.8429
92073,1,6.77267
92073,2,6.60647
92073,3,7.44803
92073,4,6.51133
92073,5,6.86042
92253,all,8.81629
92253,1,6.38644
92253,2,5.61007
92253,3,6.34203
92253,4,6.49302
92253,5,6.40497
92256,all,6.4206
92256,1,5.60225
92256,2,5.50797
92256,3,5.47381
92256,4,5.48162
92256,5,5.92436
92286,all,12.3941
92286,1,8.93651
92286,2,7.87536
92286,3,7.71891
92286,4,6.57769
92286,5,6.42194
92313,all,8.92011
92313,1,6.4206
92313,2,5.69152
92313,3,5.61007
92313,4,6.4936
92313,5,6.57424
92385,all,6.91421
92385,1,5.5479
92385,2,5.47381
92385,3,5.61007
92385,4,6.14444
92385,5,5.48944
92730,all,8.9382
92730,1,5.69152
92730,2,6.10451
92730,3,6.99259
92730,4,6.38197
92730,5,5.67588
92865,all,6.38644
92865,1,5.47381
92865,2,5.48162
92865,3,5.61007
92865,4,5.6837
92865,5,5.47381
93072,all,8.36064
93072,1,6.36299
93072,2,6.36299
93072,3,5.90872
93072,4,6.37081
93072,5,6.42718
93114,all,9.70494
93114,1,6.43757
93114,2,6.66725
93114,3,6.46196
93114,4,6.42975
93114,5,5.6837
93168,all,5.64423
93168,1,5.47381
93168,2,5.47381
93168,3,5.47381
93168,4,5.48162
93168,5,5.50797
93180,all,6.44632
93180,1,5.67588
93180,2,5.47381
93180,3,5.48162
93180,4,5.5479
93180,5,5.60225
93438,all,14.9313
93438,1,8.51451
93438,2,9.3845
93438,3,9.82445
93438,4,8.54321
93438,5,7.0808
93519,all,8.29437
93519,1,5.6837
93519,2,6.05472
93519,3,6.06253
93519,4,6.37081
93519,5,6.45845
93542,all,11.8846
93542,1,6.5573
93542,2,8.10113
93542,3,6.79904
93542,4,6.46196
93542,5,6.59242
93792,all,10.8195
93792,1,6.45414
93792,2,5.9507
93792,3,6.06253
93792,4,9.06972
93792,5,6.07035
93807,all,7.72245
93807,1,5.6837
93807,2,5.60225
93807,3,5.75779
93807,4,6.53347
93807,5,5.60225
93816,all,10.1585
93816,1,6.41279
93816,2,6.37081
93816,3,6.42194
93816,4,6.70869
93816,5,6.88118
93837,all,6.79885
93837,1,5.47381
93837,2,5.61007
93837,3,6.09669
93837,4,5.6837
93837,5,5.61789
94047,all,8.69519
94047,1,5.72568
94047,2,5.85416
94047,3,6.73439
94047,4,5.82782
94047,5,5.61789
94053,all,6.88845
94053,1,5.91654
94053,2,6.12148
94053,3,6.12881
94053,4,5.47381
94053,5,5.48162
94095,all,15.347
94095,1,6.99262
94095,2,6.74986
94095,3,12.3379
94095,4,8.5225
94095,5,6.58368
94239,all,14.1734
94239,1,7.06849
94239,2,7.20392
94239,3,7.82932
94239,4,9.50115
94239,5,7.96929
94388,all,15.523
94388,1,6.79418
94388,2,6.61722
94388,3,9.09561
94388,4,11.2608
94388,5,8.65464
94419,all,13.4979
94419,1,6.38197
94419,2,6.10451
94419,3,7.34154
94419,4,6.98984
94419,5,9.04459
94995,all,12.3827
94995,1,8.19741
94995,2,5.60225
94995,3,11.0061
94995,4,6.76482
94995,5,5.60225
95234,all,11.8178
95234,1,6.97933
95234,2,6.46512
95234,3,8.07242
95234,4,6.99505
95234,5,6.68187
95568,all,8.23479
95568,1,5.69152
95568,2,5.60225
95568,3,6.53095
95568,4,6.80194
95568,5,5.72701
95573,all,10.477
95573,1,7.43757
95573,2,6.50398
95573,3,7.44538
95573,4,9.73387
95573,5,9.36265
95595,all,6.9233
95595,1,5.85416
95595,2,5.50797
95595,3,5.61007
95595,4,6.0469
95595,5,5.6837
95652,all,6.55515
95652,1,5.47381
95652,2,5.6837
95652,3,5.60225
95652,4,5.47381
95652,5,6.37862
95679,all,5.99063
95679,1,5.47381
95679,2,5.47381
95679,3,5.47381
95679,4,5.61007
95679,5,5.5479
95844,all,9.3186
95844,1,6.435
95844,2,6.36299
95844,3,6.36299
95844,4,8.3948
95844,5,8.37628
96102,all,13.0862
96102,1,6.6997
96102,2,7.63171
96102,3,7.21975
96102,4,8.07407
96102,5,10.2716
96480,all,6.12099
96480,1,5.47381
96480,2,5.47381
96480,3,5.47381
96480,4,5.67635
96480,5,5.67588
96500,all,16.2945
96500,1,9.26285
96500,2,8.33555
96500,3,8.76017
96500,4,7.18222
96500,5,7.36995
97187,all,11.4423
97187,1,6.55515
97187,2,6.19268
97187,3,6.70825
97187,4,6.42842
97187,5,7.10887
97467,all,6.50711
97467,1,5.47381
97467,2,5.47381
97467,3,5.47381
97467,4,5.48162
97467,5,6.05472
98340,all,9.47043
98340,1,5.98282
98340,2,6.88119
98340,3,6.81585
98340,4,6.00664
98340,5,5.69152
98949,all,19.2033
98949,1,9.57344
98949,2,6.93098
98949,3,10.2951
98949,4,12.1864
98949,5,9.80755
99117,all,6.41279
99117,1,5.61007
99117,2,5.60225
99117,3,5.71004
99117,4,5.48162
99117,5,5.47381
99276,all,6.37862
99276,1,5.48162
99276,2,5.47381
99276,3,5.60225
99276,4,5.6837
99276,5,5.47381
99663,all,6.49394
99663,1,5.47381
99663,2,5.47381
99663,3,5.47381
99663,4,6.35118
99663,5,5.48162
99678,all,8.4723
99678,1,6.38197
99678,2,5.60225
99678,3,5.61007
99678,4,6.65769
99678,5,5.99063
99860,all,17.1332
99860,1,10.3847
99860,2,8.71098
99860,3,9.54386
99860,4,10.2436
99860,5,8.57807
99921,all,6.05472
99921,1,5.47381
99921,2,5.47381
99921,3,5.67588
99921,4,5.48162
99921,5,5.47381
99933,all,12.8746
99933,1,8.1073
99933,2,6.56458
99933,3,7.30586
99933,4,8.76657
99933,5,6.53175
99948,all,9.28708
99948,1,6.46196
99948,2,5.67588
99948,3,6.39426
99948,4,6.06253
99948,5,6.7987
100038,all,9.41368
100038,1,6.08888
100038,2,6.16045
100038,3,5.6837
100038,4,6.7422
100038,5,6.13182
100044,all,8.28145
100044,1,5.6837
100044,2,5.82
100044,3,6.65769
100044,4,6.08106
100044,5,6.37862
100293,all,24.3891
100293,1,12.842
100293,2,8.84723
100293,3,10.2895
100293,4,13.9043
100293,5,12.06
100344,all,12.3812
100344,1,6.63123
100344,2,6.976
100344,3,5.67588
100344,4,6.67633
100344,5,7.91094
100482,all,20.8723
100482,1,12.6623
100482,2,9.79435
100482,3,11.0222
100482,4,12.024
100482,5,10.5491
101148,all,6.40497
101148,1,5.47381
101148,2,5.60225
101148,3,5.71004
101148,4,5.48162
101148,5,5.47381
101382,all,15.3645
101382,1,7.25011
101382,2,8.38595
101382,3,7.87277
101382,4,6.84316
101382,5,6.51309
102261,all,24.3474
102261,1,11.694
102261,2,10.6652
102261,3,13.4781
102261,4,12.1258
102261,5,14.883
102291,all,5.64423
102291,1,5.47381
102291,2,5.47381
102291,3,5.48162
102291,4,5.50797
102291,5,5.47381
102429,all,7.56477
102429,1,5.72568
102429,2,6.37081
102429,3,5.82782
102429,4,5.74998
102429,5,5.60225
102447,all,10.2507
102447,1,6.19102
102447,2,6.68063
102447,3,7.71799
102447,4,5.74637
102447,5,5.48944
102453,all,9.22814
102453,1,6.435
102453,2,6.0469
102453,3,7.43757
102453,4,6.94202
102453,5,6.40497
102552,all,6.65648
102552,1,5.71786
102552,2,5.61007
102552,3,6.05472
102552,4,5.69152
102552,5,5.47381
102651,all,9.50999
102651,1,6.66196
102651,2,5.71004
102651,3,6.77878
102651,4,6.06253
102651,5,6.28842
102747,all,6.435
102747,1,5.60225
102747,2,5.60225
102747,3,5.67588
102747,4,5.61007
102747,5,5.47381
103299,all,8.92374
103299,1,6.74205
103299,2,5.92436
103299,3,6.12881
103299,4,6.6858
103299,5,6.33719
103332,all,12.1959
103332,1,6.8598
103332,2,6.05472
103332,3,8.24894
103332,4,8.03163
103332,5,6.24621
103356,all,15.8535
103356,1,10.9832
103356,2,7.64984
103356,3,9.54233
103356,4,11.5303
103356,5,9.0515
103644,all,6.41279
103644,1,5.47381
103644,2,5.48162
103644,3,5.47381
103644,4,5.63641
103644,5,5.91654
103653,all,11.5899
103653,1,6.4936
103653,2,6.8129
103653,3,6.50527
103653,4,6.51239
103653,5,6.58368
103761,all,265.253
103761,1,22.1134
103761,2,16.0664
103761,3,22.1269
103761,4,44.4901
103761,5,16.04
104481,all,10.4179
104481,1,6.3264
104481,2,6.45414
104481,3,6.90374
104481,4,6.54909
104481,5,6.61174
105609,all,51.871
105609,1,14.1284
105609,2,12.0915
105609,3,14.7032
105609,4,24.0609
105609,5,14.2311
105711,all,17.5473
105711,1,10.726
105711,2,7.93277
105711,3,10.1303
105711,4,10.865
105711,5,6.82364
106419,all,12.8251
106419,1,6.64283
106419,2,5.61007
106419,3,8.24546
106419,4,7.63407
106419,5,5.69152
107613,all,8.76821
107613,1,6.31278
107613,2,5.5479
107613,3,6.42975
107613,4,5.67588
107613,5,6.2906
107942,all,22.0083
107942,1,9.10249
107942,2,10.559
107942,3,9.79684
107942,4,8.8673
107942,5,13.9469
108002,all,10.923
108002,1,6.46196
108002,2,6.44632
108002,3,7.09008
108002,4,7.52048
108002,5,6.21486
108519,all,15.3822
108519,1,8.27087
108519,2,8.0675
108519,3,10.1574
108519,4,10.9306
108519,5,7.6798
108614,all,14.3588
108614,1,6.34985
108614,2,6.46977
108614,3,11.5895
108614,4,8.6498
108614,5,6.41412
109701,all,11.7574
109701,1,8.06442
109701,2,6.80439
109701,3,10.7009
109701,4,10.0069
109701,5,7.32377
109791,all,12.3652
109791,1,9.657
109791,2,9.37524
109791,3,8.51418
109791,4,9.78659
109791,5,5.47381
110763,all,20.726
110763,1,7.16144
110763,2,10.3607
110763,3,8.82331
110763,4,8.31344
110763,5,14.417
111417,all,55.9754
111417,1,14.4474
111417,2,9.37511
111417,3,13.9098
111417,4,29.6168
111417,5,15.2409
111587,all,11.4176
111587,1,6.78831
111587,2,6.57424
111587,3,6.58021
111587,4,6.90374
111587,5,6.95189
112694,all,14.2191
112694,1,6.91105
112694,2,6.70748
112694,3,8.30814
112694,4,10.3292
112694,5,6.99298
113367,all,11.3103
113367,1,9.77768
113367,2,9.51595
113367,3,9.20961
113367,4,9.33028
113367,5,8.56376
113808,all,17.8885
113808,1,7.33856
113808,2,6.36299
113808,3,8.46553
113808,4,11.6448
113808,5,10.908
114243,all,45.6463
114243,1,10.3994
114243,2,11.2307
114243,3,11.0904
114243,4,12.6704
114243,5,11.3875
114483,all,14.0396
114483,1,8.17986
114483,2,6.88541
114483,3,9.45113
114483,4,7.59659
114483,5,6.46392
115419,all,10.0206
115419,1,6.55511
115419,2,6.37081
115419,3,7.62392
115419,4,7.04428
115419,5,6.51962
115667,all,21.7361
115667,1,6.60624
115667,2,9.41664
115667,3,10.1744
115667,4,9.85496
115667,5,12.2929
116175,all,13.7264
116175,1,7.43328
116175,2,7.0382
116175,3,7.19807
116175,4,11.9865
116175,5,6.29224
117489,all,24.4718
117489,1,12.2102
117489,2,14.9152
117489,3,9.86946
117489,4,14.0572
117489,5,12.9808
117618,all,17.4884
117618,1,8.89407
117618,2,6.57387
117618,3,9.06275
117618,4,11.1446
117618,5,8.20126
119100,all,11.5879
119100,1,7.65962
119100,2,5.63641
119100,3,6.71429
119100,4,6.79631
119100,5,5.5236
119352,all,17.6641
119352,1,9.21191
119352,2,6.47796
119352,3,9.20865
119352,4,9.65745
119352,5,10.8596
120237,all,11.4398
120237,1,6.94504
120237,2,6.78441
120237,3,6.63074
120237,4,6.42975
120237,5,6.80708
120246,all,14.7299
120246,1,7.7334
120246,2,7.04601
120246,3,9.36137
120246,4,10.2428
120246,5,6.80532
121431,all,11.6058
121431,1,7.07047
121431,2,6.38644
121431,3,7.69325
121431,4,6.63481
121431,5,6.45063
121895,all,12.5326
121895,1,7.91164
121895,2,7.06855
121895,3,10.0393
121895,4,10.0732
121895,5,7.63645
122052,all,12.9988
122052,1,6.62243
122052,2,5.67588
122052,3,8.80021
122052,4,8.22086
122052,5,6.81848
123303,all,9.30956
123303,1,5.47381
123303,2,5.47381
123303,3,8.74748
123303,4,5.47381
123303,5,5.50797
123491,all,14.4672
123491,1,7.78953
123491,2,8.0026
123491,3,6.96313
123491,4,8.46743
123491,5,6.15263
124067,all,11.8468
124067,1,7.91631
124067,2,7.09192
124067,3,7.19807
124067,4,10.2933
124067,5,7.62863
124614,all,20.984
124614,1,14.0753
124614,2,12.3526
124614,3,13.1107
124614,4,12.7638
124614,5,10.8831
124817,all,12.9677
124817,1,6.87444
124817,2,6.4206
124817,3,6.67876
124817,4,9.88024
124817,5,6.8536
126168,all,14.3236
126168,1,9.75983
126168,2,8.29583
126168,3,7.81597
126168,4,8.57024
126168,5,8.56242
126285,all,14.073
126285,1,7.72923
126285,2,6.836
126285,3,8.18472
126285,4,9.95103
126285,5,10.3999
126330,all,10.1934
126330,1,7.57182
126330,2,6.5118
126330,3,7.09804
126330,4,7.08614
126330,5,8.41177
126588,all,12.4135
126588,1,7.13486
126588,2,7.65671
126588,3,7.294
126588,4,6.97084
126588,5,6.42194
127809,all,37.5862
127809,1,11.0141
127809,2,10.8606
127809,3,14.8179
127809,4,20.8189
127809,5,11.6782
127910,all,15.5727
127910,1,7.64698
127910,2,7.00575
127910,3,7.76784
127910,4,11.7278
127910,5,6.77595
128148,all,26.1121
128148,1,11.7426
128148,2,17.41
128148,3,11.158
128148,4,9.42905
128148,5,9.90059
128919,all,14.2672
128919,1,7.22429
128919,2,6.41279
128919,3,8.07913
128919,4,10.2182
128919,5,8.30582
129684,all,15.9759
129684,1,7.48458
129684,2,6.60155
129684,3,11.3874
129684,4,10.822
129684,5,7.01804
130713,all,14.1875
130713,1,8.86694
130713,2,6.5118
130713,3,10.1109
130713,4,8.98042
130713,5,7.38849
131336,all,11.9661
131336,1,6.67507
131336,2,5.73349
131336,3,8.78121
131336,4,6.9541
131336,5,6.22684
131558,all,22.8236
131558,1,9.29007
131558,2,6.79147
131558,3,12.5624
131558,4,16.1373
131558,5,9.6691
132712,all,11.2476
132712,1,6.36299
132712,2,5.6837
132712,3,7.21869
132712,4,6.69755
132712,5,6.70351
133720,all,24.0109
133720,1,12.4592
133720,2,10.9229
133720,3,11.5169
133720,4,15.0284
133720,5,12.1528
133747,all,10.8093
133747,1,6.79271
133747,2,5.91654
133747,3,8.14077
133747,4,5.76561
133747,5,5.71004
134246,all,12.0124
134246,1,6.98855
134246,2,5.47381
134246,3,6.47796
134246,4,9.13901
134246,5,6.62503
134443,all,11.3207
134443,1,6.19268
134443,2,6.7209
134443,3,6.22684
134443,4,6.49302
134443,5,6.84556
136718,all,13.1484
136718,1,7.93882
136718,2,6.86973
136718,3,6.80825
136718,4,7.04601
136718,5,9.29382
137158,all,11.5238
137158,1,8.46166
137158,2,6.56458
137158,3,9.30458
137158,4,9.2936
137158,5,7.50163
137191,all,61.0665
137191,1,12.9755
137191,2,19.2842
137191,3,25.9
137191,4,15.575
137191,5,12.5936
137228,all,28.1263
137228,1,11.8553
137228,2,9.0275
137228,3,12.4637
137228,4,15.3931
137228,5,10.4906
137884,all,16.296
137884,1,9.63082
137884,2,6.9848
137884,3,8.27461
137884,4,10.8959
137884,5,7.68232
139306,all,17.3827
139306,1,9.02111
139306,2,9.79343
139306,3,7.27926
139306,4,9.92258
139306,5,10.3471
139552,all,14.7166
139552,1,7.99352
139552,2,6.82838
139552,3,6.802
139552,4,11.6191
139552,5,7.30289
140237,all,11.084
140237,1,6.54129
140237,2,5.91654
140237,3,7.96403
140237,4,7.03462
140237,5,6.69262
140675,all,15.8059
140675,1,9.27381
140675,2,7.80834
140675,3,10.2996
140675,4,7.28687
140675,5,8.47691
140698,all,15.1021
140698,1,9.62095
140698,2,6.62699
140698,3,11.2406
140698,4,8.81416
140698,5,6.54129
141292,all,23.648
141292,1,7.89492
141292,2,7.20496
141292,3,15.356
141292,4,10.3008
141292,5,8.1614
141293,all,16.0888
141293,1,6.18776
141293,2,7.20262
141293,3,9.47333
141293,4,6.91647
141293,5,7.90394
141323,all,11.5972
141323,1,8.50754
141323,2,7.7493
141323,3,6.44281
141323,4,9.28974
141323,5,8.49972
141989,all,11.3884
141989,1,7.39384
141989,2,6.40965
141989,3,6.70388
141989,4,6.66057
141989,5,5.69152
142687,all,12.4022
142687,1,7.39158
142687,2,5.48162
142687,3,11.0326
142687,4,6.18486
142687,5,5.88628
144874,all,16.255
144874,1,5.98282
144874,2,16.1843
144874,3,5.47381
144874,4,5.47381
144874,5,5.47381
145289,all,15.7634
145289,1,7.0412
145289,2,7.25265
145289,3,11.8336
145289,4,10.8315
145289,5,7.48874
145309,all,14.8684
145309,1,9.80903
145309,2,7.86829
145309,3,11.4533
145309,4,10.6141
145309,5,8.68598
145558,all,28.9467
145558,1,12.0383
145558,2,9.32803
145558,3,22.9593
145558,4,9.26122
145558,5,8.98516
145951,all,49.3022
145951,1,12.0211
145951,2,10.8816
145951,3,11.9948
145951,4,18.9439
145951,5,21.1509
145958,all,24.2208
145958,1,10.5693
145958,2,10.2072
145958,3,10.2188
145958,4,9.34622
145958,5,10.7716
146021,all,15.9477
146021,1,10.3163
146021,2,10.7642
146021,3,8.5856
146021,4,8.20856
146021,5,6.70234
146734,all,13.0294
146734,1,7.10079
146734,2,6.63601
146734,3,7.04939
146734,4,8.98999
146734,5,7.68818
147091,all,12.3345
147091,1,6.81314
147091,2,5.69152
147091,3,7.9656
147091,4,6.84556
147091,5,6.50141
147118,all,21.5789
147118,1,10.6592
147118,2,9.647
147118,3,9.51348
147118,4,10.2065
147118,5,11.96
147952,all,13.22
147952,1,7.9416
147952,2,6.48613
147952,3,7.67692
147952,4,10.9563
147952,5,6.9603
148093,all,16.2977
148093,1,9.1663
148093,2,9.48502
148093,3,9.71861
148093,4,13.3517
148093,5,9.39428
148388,all,15.7726
148388,1,8.29949
148388,2,7.10319
148388,3,9.37642
148388,4,10.2403
148388,5,8.4087
148624,all,13.0516
148624,1,7.63916
148624,2,6.51493
148624,3,7.79353
148624,4,9.35743
148624,5,6.61533
149294,all,18.7676
149294,1,11.0388
149294,2,8.55364
149294,3,13.9579
149294,4,9.60741
149294,5,9.67262
149632,all,11.7273
149632,1,7.84523
149632,2,6.61722
149632,3,7.52793
149632,4,7.10781
149632,5,7.51726
149965,all,11.9757
149965,1,10.627
149965,2,10.8842
149965,3,9.15848
149965,4,10.3602
149965,5,10.1594
149996,all,13.0344
149996,1,7.6044
149996,2,6.63889
149996,3,7.69817
149996,4,8.12236
149996,5,8.1947
150503,all,14.4306
150503,1,7.93512
150503,2,7.84467
150503,3,11.5681
150503,4,9.92413
150503,5,6.97151
151247,all,13.8377
151247,1,8.0728
151247,2,6.0469
151247,3,9.50662
151247,4,8.88436
151247,5,7.70711
151268,all,12.9117
151268,1,7.64167
151268,2,6.38978
151268,3,8.3919
151268,4,7.32454
151268,5,6.65123
152269,all,12.3587
152269,1,6.52566
152269,2,7.95156
152269,3,6.71923
152269,4,9.05812
152269,5,6.42819
152491,all,9.70731
152491,1,6.2563
152491,2,5.47381
152491,3,7.50367
152491,4,6.67323
152491,5,5.6837
153145,all,11.6073
153145,1,6.5573
153145,2,8.11693
153145,3,7.72252
153145,4,6.63889
153145,5,6.80042
153697,all,21.1361
153697,1,8.97515
153697,2,7.5528
153697,3,15.1847
153697,4,9.82012
153697,5,8.04377
153895,all,14.9107
153895,1,8.61355
153895,2,6.80747
153895,3,9.21635
153895,4,9.84095
153895,5,10.2949
154270,all,28.8874
154270,1,11.9267
154270,2,12.4374
154270,3,10.6166
154270,4,12.4705
154270,5,17.8925
155045,all,12.9032
155045,1,9.28696
155045,2,6.36299
155045,3,10.5052
155045,4,10.9082
155045,5,8.36846
155087,all,10.6134
155087,1,6.52656
155087,2,6.37081
155087,3,6.5118
155087,4,6.85625
155087,5,7.65265
155200,all,13.297
155200,1,6.77251
155200,2,6.63573
155200,3,7.39939
155200,4,9.75034
155200,5,8.25451
155734,all,13.9006
155734,1,7.64095
155734,2,6.81025
155734,3,8.0536
155734,4,8.8559
155734,5,7.33257
155737,all,20.6662
155737,1,10.227
155737,2,9.20431
155737,3,12.2986
155737,4,14.1543
155737,5,9.76297
156583,all,19.4775
156583,1,9.78167
156583,2,9.38342
156583,3,11.1374
156583,4,11.0814
156583,5,9.62067
157253,all,17.0919
157253,1,7.14374
157253,2,6.53093
157253,3,12.7017
157253,4,7.4731
157253,5,8.58108
158080,all,16.6304
158080,1,8.4339
158080,2,7.2717
158080,3,12.6717
158080,4,8.73058
158080,5,6.37081
158227,all,18.7881
158227,1,13.1095
158227,2,9.80096
158227,3,12.0319
158227,4,11.7139
158227,5,7.6044
158395,all,10.2604
158395,1,6.71429
158395,2,5.61789
158395,3,6.77603
158395,4,6.4206
158395,5,6.37862
158638,all,48.1431
158638,1,15.3454
158638,2,12.3133
158638,3,15.9399
158638,4,18.7199
158638,5,14.0176
160751,all,10.7871
160751,1,6.22684
160751,2,6.37862
160751,3,7.86578
160751,4,6.76486
160751,5,5.71786
160930,all,13.8237
160930,1,6.57911
160930,2,7.51897
160930,3,6.73414
160930,4,7.94789
160930,5,6.87207
162377,all,13.5999
162377,1,7.08227
162377,2,6.36299
162377,3,8.59283
162377,4,8.22894
162377,5,6.47796
162430,all,12.6491
162430,1,9.73992
162430,2,8.05759
162430,3,7.1119
162430,4,11.0306
162430,5,7.45924
163228,all,45.0612
163228,1,11.5655
163228,2,7.88907
163228,3,10.2108
163228,4,14.6912
163228,5,23.918
164234,all,16.6886
164234,1,7.60956
164234,2,6.91105
164234,3,9.1334
164234,4,9.66195
164234,5,10.4819
164356,all,11.6721
164356,1,7.57925
164356,2,6.78441
164356,3,7.0562
164356,4,7.07889
164356,5,6.30787
164596,all,15.6613
164596,1,7.86476
164596,2,6.47796
164596,3,7.22685
164596,4,8.74475
164596,5,6.6524
166861,all,14.7329
166861,1,8.226
166861,2,7.57459
166861,3,10.1779
166861,4,9.42121
166861,5,8.45401
166919,all,10.8289
166919,1,6.57074
166919,2,6.94202
166919,3,7.4532
166919,4,8.64758
166919,5,7.77563
166958,all,72.3909
166958,1,22.1905
166958,2,11.2346
166958,3,19.1839
166958,4,22.1856
166958,5,14.3709
167182,all,11.8615
167182,1,6.45414
167182,2,5.61007
167182,3,6.58215
167182,4,9.4265
167182,5,6.24902
168008,all,14.4255
168008,1,6.72774
168008,2,6.87129
168008,3,9.30134
168008,4,9.91083
168008,5,6.54129
